count,family
287,Rhodopsin-like 
156,KRAB domain (Kruppel-associated box) 
341,Plant C2H2 finger (QALGGH zinc finger) 
446,Classic zinc finger- C2H2 
388,RIO1-like kinases 
410,Protein kinases- catalytic subunit 
275,APH phosphotransferases 
1,Retroviral protease (retropepsin) 
83,C2HC finger 
62,CHY zinc finger 
125,Rna1p (RanGAP1)- N-terminal domain 
129,28-residue LRR 
121,Rab geranylgeranyltransferase alpha-subunit- C-terminal domain 
122,Outer arm dynein light chain 1 
124,Internalin LRR domain 
124,Cyclin A/CDK2-associated p19- Skp2 
124,U2A-like 
135,Ankyrin repeat 
106,mRNA export factor tap 
133,Pseudo ankyrin repeat 
503,RecA protein-like (ATPase-domain) 
119,Polygalacturonase inhibiting protein PGIP 
128,Ngr ectodomain-like 
70,EGF-like domain of nidogen-1 
34,Ubiquitin carboxyl-terminal hydrolase- UCH 
110,Leucine rich effector protein YopM 
36,Metal cation-transporting ATPase- ATP-binding domain N 
28,Calcium ATPase- transmembrane domain M 
368,ABC transporter ATPase domain-like 
46,Nuclear receptor ligand-binding domain 
38,Meta-cation ATPase- catalytic domain P 
70,Calponin-homology domain- CH-domain 
132,Rubredoxin 
44,Nuclear receptor 
20,Retrovirus zinc finger-like domains 
502,Nucleotide and nucleoside kinases 
35,Calcium ATPase- transduction domain A 
40,Bromodomain 
74,Choline kinase 
472,Nitrogenase iron protein-like 
33,Plexin repeat 
425,Atu3015-like 
385,Extended AAA-ATPase domain 
6,UDPGT-like 
399,Shikimate kinase (AroK) 
3,SVA-like 
24,Sema domain 
310,Gluconate kinase 
152,EGF-type module 
72,Higher-molecular-weight phosphotyrosine protein phosphatases 
11,Glycosyl transferases group 1 
346,ATP sulfurylase C-terminal domain 
162,SH3-domain 
53,Clathrin adaptor core protein 
47,Trehalose-phosphatase 
1,Cysteine-rich DNA binding domain- (DM domain) 
9,Gtf glycosyltransferase 
9,Peptidoglycan biosynthesis glycosyltransferase MurG 
31,Probable phosphatase YrbI 
194,RNA helicase 
26,Inositol polyphosphate 5-phosphatase (IPP5) 
16,TBP-interacting protein-like 
56,MtnX-like 
49,Cytochrome P450 
57,Predicted hydrolases Cof 
27,DNase I-like 
27,Sphingomyelin phosphodiesterase-like 
48,SPRY domain 
32,Prokaryotic type KH domain (KH-domain type II) 
28,Zinc protease 
43,B-box zinc-binding domain 
39,Eukaryotic type KH-domain (KH-domain type I) 
217,Pleckstrin-homology domain (PH domain) 
79,Dual specificity phosphatase-like 
55,HI0933 N-terminal domain-like 
99,6-phosphogluconate dehydrogenase-like- N-terminal domain 
102,DNA helicase UvsW 
57,Protein kinase cysteine-rich domain (cys2- phorbol-binding domain) 
50,Homoserine kinase ThrH 
304,Adenosine-5phosphosulfate kinase (APS kinase) 
85,SH2 domain 
38,F-box domain 
26,ets domain 
44,phosphatase domain of polynucleotide kinase 
264,Plasmid maintenance system epsilon/zeta- toxin zeta subunit 
21,PDEase 
4,Complement components 
39,Formate/glycerate dehydrogenases- NAD-domain 
79,FAD/NAD-linked reductases- N-terminal and central domains 
62,D-aminoacid oxidase- N-terminal domain 
17,Blood coagulation inhibitor (disintegrin) 
47,Thi4-like 
377,G proteins 
48,Third domain of FERM 
7,Ribosomal protein L37ae 
49,TNF-alpha converting enzyme- TACE- catalytic domain 
49,UDP-galactopyranose mutase- N-terminal domain 
35,L-arabinose binding protein-like 
29,First domain of FERM 
66,Myo-inositol hexaphosphate phosphohydrolase (phytase) PhyA 
7,Nuclear receptor coactivator interlocking domain 
50,Reprolysin-like 
42,Hypothetical protein MW1667 (SA1546) 
67,N-terminal domain of adrenodoxin reductase-like 
86,Alcohol dehydrogenase-like- C-terminal domain 
153,Variant RING domain 
215,RING finger domain- C3HC4 
177,Phosphotyrosine-binding domain (PTB) 
103,HkH motif-containing C2H2 finger 
10,Cullin homology domain 
10,Di-heme elbow motif 
10,Interferon regulatory factor 
10,SCF ubiquitin ligase complex WHB domain 
37,Astacin 
19,MMP N-terminal domain 
52,Phosphoserine phosphatase 
184,Canonical RBD 
1,F-box associated region- FBA 
1,LysM domain 
38,Mycobacterial PtpB-like 
25,Phosphoesterase-related 
25,SinR domain-like 
15,ARID domain 
15,Medium chain acyl-CoA dehydrogenase- NM (N-terminal and middle) domains 
15,Medium chain acyl-CoA dehydrogenase-like- C-terminal domain 
15,acyl-CoA oxidase C-terminal domains 
15,acyl-CoA oxidase N-terminal domains 
39,Nicotinic receptor ligand binding domain-like 
95,Voltage-gated potassium channels 
26,TT1561-like 
148,Parvalbumin 
3,Alpha-macroglobulin receptor domain 
52,C1 set domains (antibody constant domain-like) 
48,Matrix metalloproteases- catalytic domain 
16,Transducin (alpha subunit)- insertion domain 
5,A heparin-binding domain 
5,Amyloid beta a4 protein copper binding domain (domain 2) 
5,CAPPD- an extracellular domain of amyloid beta A4 protein 
6,Defensin 
21,Integrin domains 
27,Arc1p N-terminal domain-like 
92,Aminoacid dehydrogenase-like- C-terminal domain 
16,Myosin S1 fragment- N-terminal domain 
16,Myotubularin-like phosphatases 
43,Serralysin-like metalloprotease- catalytic (N-terminal) domain 
8,Clp protease- ClpP subunit 
44,Integrin beta EGF-like domains 
17,Hormone receptor domain 
29,Ornithine decarboxylase major domain 
29,Spectrin repeat 
27,Ypt/Rab-GAP domain of gyp1p 
3,3-methyladenine DNA glycosylase (AAG- ANPG- MPG) 
54,beta-Phosphoglucomutase-like 
23,Phage repressors 
172,EF-hand modules in multidomain proteins 
4,Phospholipase D 
18,Adenylyl and guanylyl cyclase catalytic domain 
18,Extracellular domain of cell surface receptors 
18,Interferons/interleukin-10 (IL-10) 
18,POU-specific domain 
24,DNA double-strand break repair nuclease 
198,Tandem AAA-ATPase domain 
48,Potassium channel NAD-binding domain 
48,Succinate dehydrogenase/fumarate reductase flavoprotein N-terminal domain 
39,Neurotransmitter-gated ion-channel transmembrane pore 
18,CBS-domain pair 
18,Proteasome subunits 
150,Polcalcin 
134,Cbp40 (plasmodial specific CaII-binding protein LAV1-2) 
25,Pyrimidine 5-nucleotidase (UMPH-1) 
81,FAD-linked reductases- N-terminal domain 
5,3-Methyladenine DNA glycosylase III (MagIII) 
5,5 to 3 exonuclease- C-terminal subdomain 
5,CAT-like 
5,DNA repair glycosylase- 2 C-terminal domains 
5,Mismatch glycosylase 
19,Aldo-keto reductases (NADP) 
19,Tubulin- C-terminal domain 
82,Transcriptional factor domain 
33,Transforming growth factor (TGF)-beta 
126,Helicase-like domain of reverse gyrase 
112,PHD domain 
14,YhiQ-like 
20,BphP N-terminal domain-like 
20,DNA topoisomerase II binding protein 1- TopBP1 
104,SGL-like 
21,GpdQ-like 
21,Protein serine/threonine phosphatase 
21,YfcE-like 
6,Endonuclease III 
6,Formate/glycerate dehydrogenases- substrate-binding domain 
6,TSP type-3 repeat 
6,Thrombospondin C-terminal domain 
6,UDP-glucose/GDP-mannose dehydrogenase C-terminal domain 
6,a tRNA synthase domain 
45,HMG-box 
10,Cap-Gly domain 
10,SMAD domain 
28,VWC domain 
22,BRCT domain 
22,DNA-repair protein XRCC1 
10,Fucose binding lectin 
10,MGS-like 
29,Serpins 
95,FYVE- a phosphatidylinositol-3-phosphate binding domain 
10,Ricin B-like 
247,Phosphoribulokinase/pantothenate kinase 
6,Nuclease 
22,N-acetyl transferase- NAT 
11,Gelsolin-like 
11,L30e/L7ae ribosomal proteins 
11,R3H domain 
49,PBS lyase HEAT-like repeat 
30,TRM1-like 
16,Class I aldolase 
16,Prefoldin 
3,Multidrug efflux transporter AcrB transmembrane domain 
3,YxiM C-terminal domain-like 
133,Eps15 homology domain (EH domain) 
151,Penta-EF-hand proteins 
73,HEAT repeat 
31,Regulator of G-protein signaling- RGS 
118,All0351-like 
173,Calmodulin-like 
3,FAT domain of focal adhesion kinase 
3,FabD-like 
3,Glycosylating toxin catalytic domain-like 
40,MurCD N-terminal domain 
40,Second domain of FERM 
40,UBA domain 
17,ALDH-like 
17,DNA ligase 
17,Frizzled cysteine-rich domain 
17,Phosphate binding protein-like 
17,Phosphoinositide-binding clathrin adaptor- N-terminal domain 
17,SNF-like 
17,mRNA cap methylase 
7,Lrp/AsnC-like transcriptional regulator N-terminal domain 
180,U-box 
139,DPP6 N-terminal domain-like 
200,Putative isomerase YbhE 
122,NHL repeat 
7,Recombinase DNA-binding domain 
34,Archaeal histone 
126,S100 proteins 
25,Fibrinogen C-terminal domain-like 
54,Plakophilin 1 helical region 
129,Calbindin D9K 
1,LexA-related 
1,Multidomain cupredoxins 
1,Phenylalanine metabolism regulatory domain 
1,Pseudouridine synthase II TruB 
1,Pseudouridine synthase RsuA/RluD 
1,TATA-box binding protein (TBP)- C-terminal domain 
321,Chloramphenicol phosphotransferase 
18,Hemopexin-like domain 
18,Integrin alpha N-terminal domain 
34,GABA-aminotransferase-like 
131,Fibronectin type III 
12,GroEL chaperone- ATPase domain 
12,Interferon regulatory factor 3 (IRF3)- transactivation domain 
12,Probable transcriptional regulator VC1968- N-terminal domain 
268,6-phosphofructo-2-kinase/fructose-2-6-bisphosphatase- kinase domain 
7,14-3-3 protein 
7,Adenain-like 
7,C-terminal- gelsolin-like domain of Sec23/24 
7,DNA polymerase I 
7,DUSP- domain in ubiquitin-specific proteases 
7,Integrin beta tail domain 
7,Kinase associated domain 1- KA1 
7,Oxygen-independent coproporphyrinogen III oxidase HemN 
7,Plakin repeat 
7,Proton glutamate symport protein 
7,STAT 
7,STAT DNA-binding domain 
7,TM1459-like 
7,Tetraspanin 
46,BAR domain 
46,LDH N-terminal domain-like 
86,Tyrosine-dependent oxidoreductases 
4,Doublecortin (DC) 
13,Caspase catalytic domain 
73,Glyceraldehyde-3-phosphate dehydrogenase-like- N-terminal domain 
37,AAT-like 
48,Laminin-type module 
213,YVTN repeat 
20,Ran binding protein zinc finger-like 
38,Growth factor receptor domain 
4,CO dehydrogenase ISP C-domain like 
4,Crisp domain 
4,Galactokinase 
4,Hypothetical protein TTHA0113 
4,Methionyl-tRNA synthetase (MetRS)- Zn-domain 
4,NAD+-dependent DNA ligase- domain 3 
4,Peripheral subunit-binding domain of 2-oxo acid dehydrogenase complex 
29,IMD domain 
8,Biotin synthase 
8,Cytochrome c3-like 
8,Ephrin ectodomain 
8,GAT domain 
8,HSP40/DnaJ peptide-binding domain 
8,Histidine biosynthesis enzymes 
8,I/LWEQ domain 
8,Inosine monophosphate dehydrogenase (IMPDH) 
8,L domain 
8,Nitrilase 
8,Platelet-derived growth factor-like 
8,Snake venom toxins 
8,TS-N domain 
8,Transcription factor STAT-4 N-domain 
8,Wiscott-Aldrich syndrome protein- WASP- C-terminal domain 
65,GDI-like N domain 
41,Spermidine synthase 
53,MraW-like putative methyltransferases 
82,Motor proteins 
31,SepSecS-like 
34,SCAN domain 
10,NAP-like 
22,RWD domain 
15,EDF1-like 
15,NE1354 
9,5 to 3 exonuclease catalytic domain 
9,Clc chloride channel 
9,HMA- heavy metal-associated domain 
9,MIR domain 
9,Sir2 family of transcriptional regulators 
9,alpha-catenin/vinculin 
32,Glutathione S-transferase (GST)- C-terminal domain 
32,NOL1/NOP2/sun 
23,Caspase recruitment domain- CARD 
23,Pyridoxal-dependent decarboxylase 
71,Hypothetical protein HI0319 (YecO) 
33,C-terminal domain of adrenodoxin reductase-like 
15,2-3-Bisphosphoglycerate-independent phosphoglycerate mutase- catalytic domain 
15,Arylsulfatase 
15,GRAM domain 
15,Kringle modules 
15,Phosphonoacetate hydrolase 
15,Scavenger receptor cysteine-rich (SRCR) domain 
15,Ta0583-like 
15,Type 2 phosphatidic acid phosphatase- PAP2 
108,Armadillo repeat 
11,Pyrin domain- PYD 
27,TSP-1 type 1 repeat 
74,Protein-L-isoaspartyl O-methyltransferase 
34,Siroheme synthase N-terminal domain-like 
9,5-nucleotidase (syn. UDP-sugar hydrolase)- N-terminal domain 
9,Apolipoprotein 
9,DNA replication initiator (cdc21/cdc54) N-terminal domain 
9,Heat shock protein 70kD (HSP70)- peptide-binding domain 
9,Phoshoinositide 3-kinase (PI3K) helical domain 
9,Phosphoribosylpyrophosphate synthetase-like 
9,RPR domain (SMART 00582 ) 
2,AraC type transcriptional activator 
2,DNA primase zinc finger 
2,Lysophospholipase 
2,NADPH-cytochrome p450 reductase FAD-binding domain-like 
16,DeoB catalytic domain-like 
16,FKBP immunophilin/proline isomerase 
16,Fibroblast growth factors (FGF) 
16,RUN domain 
16,Transcription factor IIB (TFIIB)- core domain 
93,TolB- C-terminal domain 
25,PYP-like 
25,RNA methyltransferase FtsJ 
6,Conserved domain common to transcription factors TFIIS- elongin A- CRSP70 
2,Selenoprotein W-related 
48,Ras-binding domain- RBD 
79,Thiopurine S-methyltransferase 
17,Hepsin- N-terminal domain 
17,Purple acid phosphatase-like 
64,LIM domain 
10,Cell cycle transcription factor e2f-dp 
10,Class I glutamine amidotransferases (GAT) 
10,Link domain 
10,NE0471 C-terminal domain-like 
10,ThiI-like 
10,YjeE-like 
26,RuBisCo LSMT catalytic domain 
26,SelA-like 
90,BTB/POZ domain 
37,Histone lysine methyltransferases 
37,Viral histone H3 Lysine 27 Methyltransferase 
17,Hypoxia-inducible factor HIF ihhibitor (FIH1) 
17,Sm motif of small nuclear ribonucleoproteins- SNRNP 
17,Toll/Interleukin receptor TIR domain 
13,Hypothetical protein cg14615-pa 
18,Cathelicidin motif 
7,Carbonic anhydrase 
11,Biotinyl/lipoyl-carrier proteins and domains 
11,Glycine dehydrogenase subunits (GDC-P) 
11,Group II chaperonin (CCT- TRIC)- intermediate domain 
11,Methyl-CpG-binding domain- MBD 
11,Phosphoribosyltransferases (PRTases) 
11,Supernatant protein factor (SPF)- C-terminal domain 
23,Microbial and mitochondrial ADK- insert zinc finger domain 
71,AD-003 protein-like 
29,Beta-eliminating lyases 
187,C-terminal (heme d1) domain of cytochrome cd1-nitrite reductase 
5,4-alpha-glucanotransferase- N-terminal domain 
5,B56-like 
5,Bee venom hyaluronidase 
5,Chitinase insertion domain 
5,Class I alpha-1;2-mannosidase- catalytic domain 
5,Class II glutamine amidotransferases 
5,Creatinase/prolidase N-terminal domain 
5,Cytochrome bc1 domain 
5,DJ-1/PfpI 
5,DNA polymerase III clamp loader subunits- C-terminal domain 
5,Dimeric isocitrate & isopropylmalate dehydrogenases 
5,F1F0 ATP synthase subunit C 
5,GHMP Kinase- N-terminal domain 
5,Glycosyl Hydrolase Family 88 
5,MJ0764-like 
5,Notch domain 
5,Pentapeptide repeats 
5,PfkB-like kinase 
5,Probable transcriptional regulator VC1968- C-terminal domain 
5,Ribosomal proteins L24p and L21e 
5,SWIB/MDM2 domain 
5,TAFH domain-like 
5,Thiamin biosynthesis kinases 
5,Transcriptional factor tubby- C-terminal domain 
5,Type II DNA topoisomerase C-terminal domain-like 
5,XPF/Rad1/Mus81 nuclease 
5,alpha-mannosidase- C-terminal domain 
5,alpha-mannosidase- domain 2 
72,BC2162-like 
72,TehB-like 
29,FCH domain 
29,Tudor domain 
19,PWWP domain 
19,Phoshoinositide 3-kinase (PI3K)- catalytic domain 
11,Annexin 
11,Anticodon-binding domain of a subclass of class I aminoacyl-tRNA synthetases 
11,Biotin dependent carboxylase carboxyltransferase domain 
11,CRAL/TRIO N-terminal domain 
11,Hypothetical protein aq_1666 
11,Nuclear movement domain 
196,Tricorn protease domain 2 
8,Hermes transposase-like 
20,ABC transporter transmembrane region 
20,Double-stranded RNA-binding domain (dsRBD) 
20,Tubulin- GTPase domain 
3,Cytochrome p450 reductase N-terminal domain-like 
3,Flavoprotein NrdI 
3,HR1 repeat 
31,Glutathione S-transferase (GST)- N-terminal domain 
77,CAC2371-like 
12,Heat shock protein 70kD (HSP70)- C-terminal subdomain 
12,NanE-like 
12,PB1 domain 
12,Sec7 domain 
12,VHS domain 
21,PAS domain of steroid receptor coactivator 1A- NCo-A1 
79,UbiE/COQ5-like 
32,Cold shock DNA-binding domain-like 
32,Interleukin 8-like chemokines 
27,PHB depolymerase-like 
6,Alkaline phosphatase 
6,Animal lipoxigenases 
6,Anticodon-binding domain 
6,Bacterial glucoamylase C-terminal domain-like 
6,CheY-related 
6,DNA gyrase/MutL- second domain 
6,E2F dimerization segment 
6,Helical domain of Sec23/24 
6,Noncollagenous (NC1) domain of collagen IV 
6,Plant lipoxigenases 
6,Prohormone convertase 1 pro-domain 
6,Proprotein convertase P-domain 
6,RhoGDI-like 
6,Surp module (SWAP domain) 
6,TRASH domain 
6,ThiG-like 
6,YlbA-like 
6,Zn-finger domain of Sec23/24 
6,alpha-mannosidase 
6,beta-sandwich domain of Sec23/24 
6,gamma-adaptin C-terminal appendage domain-like 
6,mRNA capping enzyme 
64,HspBP1 domain 
13,Crotonase-like 
13,FMN-linked oxidoreductases 
13,Group II chaperonin (CCT- TRIC)- ATPase domain 
13,Group II chaperonin (CCT- TRIC)- apical domain 
13,Single strand DNA-binding domain- SSB 
22,Hect- E3 ligase catalytic domain 
2,C-terminal domain of ProRS 
2,MoCo carrier protein-like 
2,N-terminal domain of the delta subunit of the F1F0-ATP synthase 
2,Phospholipase C 
2,Ribosomal protein L19 
2,Ribosomal protein L9 N-domain 
108,PDZ domain 
66,TrmB-like 
43,PepX catalytic domain-like 
13,Crystallins/Ca-binding development proteins 
13,Cytoplasmic domain of inward rectifier potassium channel 
13,GS domain 
13,Lipoxigenase N-terminal domain 
13,Tetracyclin repressor-like- N-terminal domain 
13,Transducin (heterotrimeric G protein)- gamma chain 
68,rRNA methyltransferase RlmA 
23,DNA-binding domain of telomeric protein 
69,mRNA cap (Guanine N-7) methyltransferase 
70,Tricorn protease N-terminal domain 
24,GidA-like 
14,Clathrin coat assembly domain 
14,PCI domain (PINT motif) 
4,CalX-beta domain 
4,Gamma-glutamyltranspeptidase-like 
4,Glycerophosphoryl diester phosphodiesterase 
4,Somatomedin B domain 
4,Translational machinery components 
4,Hsp90 middle domain 
4,VPS9 domain 
54,HtrA-like serine proteases 
74,Precorrin-6Y methyltransferase (CbiT) 
11,Centromere-binding 
75,Hypothetical Protein YjhP 
75,Mycolic acid cyclopropane synthase 
25,FdhE-like 
25,Heme-binding PAS domain 
25,NagD-like 
49,Dienelactone hydrolase 
11,Cysteine rich domain 
11,Discoidin domain (FA58C- coagulation factor 5/8 C-terminal domain) 
39,Actin/HSP70 
77,Hypothetical protein MJ0882 
15,C1-like domain 
15,Class I aminoacyl-tRNA synthetases (RS)- catalytic domain 
15,Colipase-binding domain 
15,Trunk domain of Sec23/24 
58,Laminin G-like module 
7,2Fe-2S ferredoxin domains from multidomain proteins 
7,CUT domain 
7,Cullin repeat 
7,GAF domain 
7,GlmU C-terminal domain-like 
7,Insulin-like 
7,Interleukin-1 (IL-1) 
7,MPP-like 
7,PP-loop ATPase 
7,PsbU-like 
7,RecO C-terminal domain-like 
7,RecQ helicase DNA-binding domain-like 
7,SMAD MH1 domain 
7,Sec1/munc18-like (SM) proteins 
7,TM1287-like 
7,Thiamin phosphate synthase 
7,VHP- Villin headpiece domain 
42,MTH1368 C-terminal domain-like 
37,Nucleosome core histones 
107,3-carboxy-cis-cis-mucoante lactonizing enzyme 
28,PAPS sulfotransferase 
13,EF1021-like 
114,Nitrous oxide reductase- N-terminal domain 
8,Band 7/SPFH domain 
8,Carbamilase 
8,Creatinase/aminopeptidase 
8,Decarboxylase 
8,Ferredoxin domains from multidomain proteins 
8,Peptidoglycan binding domain- PGBD 
8,Pyruvate oxidase and decarboxylase- middle domain 
8,SAND domain 
8,Serine-carboxyl proteinase- SCP 
8,Subtilases 
17,Asparaginyl hydroxylase-like 
17,BC N-terminal domain-like 
220,WD40-repeat 
42,TBP-associated factors- TAFs 
68,Fibrillarin homologue 
48,DNA methylase TaqI- N-terminal domain 
18,A DNA-binding domain in eukaryotic transcription factors 
18,Class II aminoacyl-tRNA synthetase (aaRS)-like- catalytic domain 
18,Cystatins 
18,E-set domains of sugar-utilizing enzymes 
70,Met-10+ protein-like 
32,Cystathionine synthase-like 
196,Cell cycle arrest protein BUB3 
6,DsbC/DsbG C-terminal domain-like 
6,Nerve tissue mini-hemoglobin (neural globin) 
6,Ribonuclease A-like 
6,Thrombin inhibitor 
6,Interferon-induced guanylate-binding protein 1 (GBP1)- C-terminal domain 
6,Rhomboid-like 
28,Vitelline membrane outer protein-I (VMO-I) 
50,DBL homology domain (DH-domain) 
66,Carbon-carbon bond hydrolase 
202,Quinohemoprotein amine dehydrogenase B chain 
19,Molybdenum cofactor biosynthesis protein MoeB 
19,Single-domain sulfurtransferase 
16,Amylase- catalytic domain 
16,Synapsin C-terminal domain 
2,A middle domain of Talin 1 
2,ADP ribosyl cyclase-like 
2,ADP-specific Phosphofructokinase/Glucokinase 
2,AF1104-like 
2,AMPKBI-like 
2,ASF1-like 
2,ATP sulfurylase N-terminal domain 
2,ATP-dependent protease Lon (La)- catalytic domain 
2,Acireductone dioxygenase 
2,Agouti-related protein 
2,Aminoacid dehydrogenases 
2,ApaG-like 
2,Arginyl-tRNA synthetase (ArgRS)- N-terminal additional domain 
2,Arp2/3 complex 16 kDa subunit ARPC5 
2,Arp2/3 complex subunits 
2,Arylamine N-acetyltransferase 
2,C-terminal domain of RNA polymerase alpha subunit 
2,C-terminal domain of RPA32 
2,C-terminal domain of ribosomal protein L2 
2,C9orf74 homolog 
2,CO dehydrogenase flavoprotein N-terminal domain-like 
2,CO dehydrogenase molybdoprotein N-domain-like 
2,CSE2-like 
2,Cell cycle regulatory proteins 
2,Cholecystokinin A receptor- N-domain 
2,Clavaminate synthase 
2,CoA transferase alpha subunit-like 
2,CoA transferase beta subunit-like 
2,CoA-transferase family III (CaiB/BaiF) 
2,Cryptochrome/photolyase FAD-binding domain 
2,Cryptochrome/photolyase- N-terminal domain 
2,Ctag/Cox11 
2,Cysteine dioxygenase type I 
2,D-aminoacid aminotransferase-like PLP-dependent enzymes 
2,D-aminoacylase- catalytic domain 
2,DNA repair factor XPA DNA- and RPA-binding domain- C-terminal subdomain 
2,DNA repair protein MutS- domain I 
2,DNA topoisomerase IV- alpha subunit 
2,DNA-binding N-terminal domain of transcription activators 
2,Dcp1 
2,Dihydropyrimidine dehydrogenase- N-terminal domain 
2,Dimerization cofactor of HNF-1 alpha 
2,Double Clp-N motif 
2,ERF1/Dom34 C-terminal domain-like 
2,ERF1/Dom34 middle domain-like 
2,ETF-QO domain-like 
2,ETFP subunits 
2,Endostatin 
2,Eukaryotic RPB5 N-terminal domain 
2,Eukaryotic translation initiation factor 3 subunit 12- eIF3k- C-terminal domain 
2,Eukaryotic type heme oxygenase 
2,EutQ-like 
2,FUR-like 
2,Fe-only hydrogenase 
2,Fe-only hydrogenase smaller subunit 
2,FtsH protease domain-like 
2,GCM domain 
2,GUCT domain 
2,Gab protein (hypothetical protein YgaT) 
2,Gln-tRNA synthetase (GlnRS)- C-terminal (anticodon-binding) domain 
2,Glucoamylase 
2,Glutamine synthetase catalytic domain 
2,Glutamine synthetase- N-terminal domain 
2,Glycerol-3-phosphate dehydrogenase 
2,GntR-like transcriptional regulators 
2,HAND domain of the nucleosome remodeling ATPase ISWI 
2,HIV integrase-binding domain 
2,Heme oxygenase HemO (PigA) 
2,Hyaluronidase N-terminal domain-like 
2,Hypothetical protein SP1951 
2,Hypothetical protein YesU 
2,Hypothetical protein YwqN 
2,Initiation factor IF2/eIF5b- domain 3 
2,Inorganic pyrophosphatase 
2,IolI-like 
2,Isochorismatase-like hydrolases 
2,Jann2411-like 
2,Kix domain of CBP (creb binding protein) 
2,Ku70 subunit middle domain 
2,Ku80 subunit middle domain 
2,L23p 
2,LSM14 N-terminal domain-like 
2,Lectin leg-like 
2,Legume lectins 
2,Leucine aminopeptidase (Aminopeptidase A)- N-terminal domain 
2,Leucine aminopeptidase- C-terminal domain 
2,LexA repressor- N-terminal DNA-binding domain 
2,Lipovitellin-phosvitin complex; beta-sheet shell regions 
2,Lissencephaly-1 protein (Lis-1- PAF-AH alpha) N-terminal domain 
2,ML domain 
2,ML2640-like 
2,MTH938-like 
2,Mago nashi protein 
2,Manganese-dependent inorganic pyrophosphatase (family II) 
2,Merozoite surface protein 1 (MSP-1) 
2,Methionine aminopeptidase- insert domain 
2,Mitochondrial cytochrome c oxidase subunit VIa 
2,Mo25 protein 
2,Molybdenum cofactor-binding domain 
2,Monomeric isocitrate dehydrogenase 
2,Mug-like 
2,Myf domain 
2,N-terminal (heme c) domain of cytochrome cd1-nitrite reductase 
2,N-terminal domain of RNase HI 
2,N-terminal domain of xrcc1 
2,N6 adenine-specific DNA methylase- DAM 
2,Necap1 N-terminal domain-like 
2,Neurophysin II 
2,Nucleolar RNA-binding protein Nop10-like 
2,PEP carboxykinase C-terminal domain 
2,PEP carboxykinase N-terminal domain 
2,PHAT domain 
2,PRP4-like 
2,PSF3 N-terminal domain-like 
2,Penicillin V acylase 
2,Penicillinase repressor 
2,Phosphoglucose isomerase- PGI 
2,Phosphoinositide-binding clathrin adaptor- domain 2 
2,Plant O-methyltransferase- N-terminal domain 
2,Preprotein translocase SecY subunit 
2,Proguanylin 
2,Prokaryotic type I DNA topoisomerase 
2,Proline dehydrohenase domain of bifunctional PutA protein 
2,Pyruvate kinase 
2,Pyruvate kinase beta-barrel domain 
2,Pyruvate kinase- C-terminal domain 
2,Quinone reductase 
2,RNA 2-O ribose methyltransferase substrate binding domain 
2,RNA 3-terminal phosphate cyclase- RPTC 
2,RNA 3-terminal phosphate cyclase- RPTC- insert domain 
2,RNA polymerase II subunit RBP4 (RpoF) 
2,RNA-dependent RNA-polymerase 
2,Rap30/74 interaction domains 
2,Ribosomal L11/L12e N-terminal domain 
2,Ribosomal protein L11- C-terminal domain 
2,Ribosomal protein L22 
2,Ribosomal protein L24e 
2,Ribosomal protein L3 
2,Ribosomal protein L4 
2,Ribosomal protein L44e 
2,Ribosomal protein S13 
2,Ribosomal protein S14 
2,Ribosomal protein S2 
2,Ribosomal protein S7 
2,Rpp14/Pop5-like 
2,S-adenosylmethionine synthetase 
2,SPT5 KOW domain-like 
2,SSRP1-like 
2,SelR domain 
2,Signal recognition particle alu RNA binding heterodimer- SRP9/14 
2,Succinate dehydrogenase/Fumarate reductase transmembrane subunits (SdhC/FrdC and SdhD/FrdD) 
2,TAZ domain 
2,TIP49 domain 
2,Tachycitin 
2,Taf5 N-terminal domain-like 
2,Telomeric repeat binding factor (TRF) dimerisation domain 
2,Tetrapyrrole methylase 
2,Tex N-terminal region-like 
2,The laminin-binding domain of agrin 
2,Transhydrogenase domain III (dIII) 
2,Translation initiation factor 2 beta- aIF2beta- N-terminal domain 
2,Translin 
2,Transthyretin (synonym: prealbumin) 
2,Trehalase-like 
2,Type I phosphomannose isomerase 
2,Uroporphyrinogen decarboxylase- UROD 
2,VanY-like 
2,YccV-like 
2,YeaZ-like 
2,YjeF C-terminal domain-like 
2,Zinc hairpin stack 
2,beta-N-acetylhexosaminidase domain 
2,dTDP-sugar isomerase 
2,eEF-1beta-like 
2,gamma-Butyrobetaine hydroxylase 
2,p8-MTCP1 
2,tRNA pseudouridine synthase TruD 
2,tRNA-guanine transglycosylase 
20,DNA-binding domain of rap1 
104,Interleukin 16 
9,Anticodon-binding domain of Class II aaRS 
9,C5 cytosine-specific DNA methylase- DCM 
9,Diap1 N-terninal region-like 
9,EF-Tu/eEF-1alpha/eIF2-gamma C-terminal domain 
9,Excinuclease UvrC C-terminal domain 
9,Fascin 
9,Fumble-like 
9,Hef domain-like 
9,Histone deacetylase- HDAC 
9,Lactate & malate dehydrogenases- C-terminal domain 
9,Rap/Ran-GAP 
9,Succinyl-CoA synthetase- beta-chain- N-terminal domain 
9,WWE domain 
9,Zn aminopeptidase N-terminal domain 
77,tRNA(1-methyladenosine) methyltransferase-like 
35,Arfaptin- Rac-binding fragment 
1,2-5 RNA ligase LigT 
1,Anaphylotoxins (complement system) 
1,CSL zinc finger 
1,Lesion bypass DNA polymerase (Y-family)- catalytic domain 
1,Lesion bypass DNA polymerase (Y-family)- little finger domain 
1,Mitochondrial ribosomal protein L51/S25/CI-B8 domain 
1,Purine and uridine phosphorylases 
1,Putative zinc binding domain 
1,RNB domain-like 
1,The spindle assembly checkpoint protein mad2 
1,Type 1 signal peptidase 
1,Vacuolar sorting protein domain 
175,Methylamine dehydrogenase- H-chain 
7,Dimerization-anchoring domain of cAMP-dependent PK regulatory subunit 
7,Terpene synthases 
81,HLH- helix-loop-helix DNA-binding domain 
21,Leech intramolecular trans-sialidase- N-terminal domain 
21,Multidomain sulfurtransferase (rhodanese) 
10,Alpha-2-3/8-sialyltransferase CstII 
10,DNA repair protein Rad51- N-terminal domain 
10,MATH domain 
10,Oxysterol-binding protein 
10,Second domain of Mu2 adaptin subunit (ap50) of ap2 adaptor 
10,Zn aminopeptidase catalytic domain 
22,BadF/BadG/BcrA/BcrD-like 
22,Chromo barrel domain 
22,LASP-1 
38,WW domain 
183,Homeodomain 
60,N5-glutamine methyltransferase- HemK 
8,DsbA-like 
8,PA domain 
23,DnaQ-like 3-5 exonuclease 
24,N-terminal PAS domain of Pas kinase 
11,Deoxycytidylate deaminase-like 
11,Ephrin receptor ligand binding domain 
11,MIF4G domain-like 
11,Papain-like 
11,RNA editing terminal uridyl transferase 2- RET2- domain 2 
11,SH3BGR (SH3-binding- glutamic acid-rich protein-like) 
66,Plant O-methyltransferase- C-terminal domain 
3,(Glycosyl)asparaginase 
3,2-5-oligoadenylate synthetase 1- OAS1- second domain 
3,AMPK-beta glycogen binding domain-like 
3,ATP-dependent DNA ligase DNA-binding domain 
3,Aconitase iron-sulfur domain 
3,Acylphosphatase-like 
3,Adapter protein APS- dimerisation domain 
3,Amidinotransferase 
3,Amine oxidase N-terminal region 
3,Amine oxidase catalytic domain 
3,Arginase-like amidino hydrolases 
3,Arginine deiminase 
3,CO dehydrogenase flavoprotein C-terminal domain-like 
3,CPH domain 
3,Catalase- C-terminal domain 
3,Catechol oxidase 
3,Clathrin heavy-chain terminal domain 
3,Cu-Zn superoxide dismutase-like 
3,D-aminoacid oxidase-like 
3,DP dimerization segment 
3,Di-heme cytochrome c peroxidase 
3,Dimethylarginine dimethylaminohydrolase DDAH 
3,EXOSC10 HRDC domain-like 
3,Follistatin (FS) module N-terminal domain- FS-N 
3,Fumarate reductase/Succinate dehydogenase iron-sulfur protein- C-terminal domain 
3,GDNF receptor-like 
3,Glucose-6-phosphate isomerase- GPI 
3,GroES 
3,HRDC domain from helicases 
3,Helicase DNA-binding domain 
3,Hemocyanin middle domain 
3,Homocysteine S-methyltransferase 
3,IF2B-like 
3,IP3 receptor type 1 binding core- domain 2 
3,L-aspartase/fumarase 
3,Latexin-like 
3,LeuD-like 
3,MOSC (MOCO sulphurase C-terminal) domain 
3,MOSC N-terminal domain-like 
3,N-acetylmuramoyl-L-alanine amidase-like 
3,N-acylglucosamine (NAG) epimerase 
3,N-myristoyl transferase- NMT 
3,N-terminal domain of adenylylcyclase associated protein- CAP 
3,N-terminal domain of alpha and beta subunits of F1 ATP synthase 
3,N-terminal domain of cbl (N-cbl) 
3,N-utilization substance G protein NusG- C-terminal domain 
3,Nucleoporin domain 
3,Oligosaccharide phosphorylase 
3,Ornithine decarboxylase antizyme-like 
3,PUG domain 
3,PdxS-like 
3,PhzC/PhzF-like 
3,Poly(A) polymerase- PAP- C-terminal domain 
3,Prokaryotic DNA-bending protein 
3,Proteasome activator 
3,Quinoprotein alcohol dehydrogenase- C-terminal domain 
3,RNA ligase 
3,RNA-polymerase beta 
3,RNase D C-terminal domains 
3,RNase III catalytic domain-like 
3,RUNT domain 
3,Rad21/Rec8-like 
3,Ribosomal protein L10e 
3,Ribosomal protein L13 
3,Ribosomal protein L14e 
3,Ribosomal protein L16p 
3,Ribosomal protein S10 
3,Ribosomal protein S18 
3,RuBisCo LSMT C-terminal- substrate-binding domain 
3,S-adenosylhomocystein hydrolase 
3,SLIDE domain 
3,SOUL heme-binding protein 
3,SPOC domain 
3,Sec63 C-terminal domain-like 
3,Short-chain scorpion toxins 
3,SpoU-like RNA 2-O ribose methyltransferase 
3,Tex RuvX-like domain-like 
3,Two-domain cytochrome c 
3,USP8 N-terminal domain-like 
3,VBS domain 
3,WGR domain 
3,dUTPase-like 
3,double-SIS domain 
3,mono-SIS domain 
3,p53 DNA-binding domain-like 
3,p53 tetramerization domain 
67,Arylamine N-methyltransferase 
67,Glycine N-methyltransferase 
62,YdeN-like 
25,Flavin-binding PAS domain 
25,Hypoxia-inducible factor Hif2a- C-terminal domain 
9,Cgl2762-like 
9,Metallothionein 
69,Guanidinoacetate methyltransferase 
69,YhhF-like 
40,Prolyl oligopeptidase- C-terminal domain 
69,hypothetical RNA methyltransferase 
22,LDL receptor-like module 
22,SOCS box-like 
22,spliceosomal protein U5-15Kd 
70,Arginine methyltransferase 
70,Ribosomal protein L11 methyltransferase PrmA 
12,53BP1 
12,ADPRibase-Mn-like 
12,Bcl-2 inhibitors of programmed cell death 
12,Calpain large subunit- catalytic domain (domain II) 
12,Co-chaperone p23-like 
12,Small Kunitz-type inhibitors & BPTI-like toxins 
66,Haloalkane dehalogenase 
26,Clostridium neurotoxins- the second last domain 
47,N-6 DNA Methylase-like 
12,Cytochrome b5 
12,N-type ATP pyrophosphatases 
12,Thyroglobulin type-1 domain 
28,Cyclin 
28,Histidinol phosphatase-like 
45,IroE-like 
2,FAH 
2,Low-molecular-weight phosphotyrosine protein phosphatases 
2,Mib/herc2 domain 
2,NirD-like 
2,Post formyltransferase domain 
2,ROK associated domain 
2,Retroviral integrase- catalytic domain 
2,Rieske iron-sulfur protein (ISP) 
2,TRAPP components 
2,Type II thymidine kinase 
2,UDP-N-acetylglucosamine 2-epimerase 
2,VPS36 N-terminal domain-like 
13,Diacylglycerol kinase-like 
13,Long-chain cytokines 
13,Poly(ADP-ribose) polymerase- C-terminal domain 
13,TAP-C domain-like 
79,SAM (sterile alpha motif) domain 
51,COMT-like 
30,UBC-related 
11,Netrin-like domain (NTR/C345C module) 
14,Mammalian PLC 
30,YWTD domain 
53,Ubiquitin-related 
4,ATP-dependent DNA ligase catalytic domain 
4,AraD-like aldolase/epimerase 
4,Archaeal ferredoxins 
4,ArsC-like 
4,BAG domain 
4,Cobalamin (vitamin B12)-binding domain 
4,Connexin43 
4,DNA ligase/mRNA capping enzyme postcatalytic domain 
4,DNA repair protein MutS- domain II 
4,DNA-binding protein LAG-1 (CSL) 
4,Domain of poly(ADP-ribose) polymerase 
4,Exportin HEAT-like repeat 
4,FAS1 domain 
4,GDI-like 
4,Gentisate 1-2-dioxygenase-like 
4,HCDH C-domain-like 
4,HIN-200/IF120x domain 
4,HTS-like 
4,Isoprenyl diphosphate synthases 
4,Leukotriene A4 hydrolase C-terminal domain 
4,MSP-like 
4,MW0975(SA0943)-like 
4,Mevalonate kinase 
4,NagB-like 
4,PARP-type zinc finger 
4,PUA domain 
4,Phosphomevalonate kinase (PMK) 
4,Poly(A) polymerase- PAP- middle domain 
4,PurM C-terminal domain-like 
4,PurM N-terminal domain-like 
4,Quercetin 2-3-dioxygenase-like 
4,Ribosomal protein L18 and S11 
4,Single 4Fe-4S cluster ferredoxin 
4,Small-conductance potassium channel 
4,Succinyl-CoA synthetase domains 
4,Tetrahydrofolate dehydrogenase/cyclohydrolase 
4,Ubiquitin carboxyl-terminal hydrolase UCH-L 
4,Zinc-binding domain of translation initiation factor 2 beta 
4,eIF1-like 
14,AN1-like Zinc finger 
14,Dihydroorotate dehydrogenase B- PyrK subunit 
14,MIT domain 
14,Pce catalytic domain-like 
14,YhfI-like 
14,beta-CASP RNA-metabolising hydrolases 
12,IPP isomerase-like 
84,Protein prenylyltransferase 
33,EpsC C-terminal domain-like 
15,Heat-shock transcription factor 
15,Regulator of chromosome condensation RCC1 
15,beta-lactamase inhibitor protein-II- BLIP-II 
15,variant PHD-like domain 
86,Synaptotagmin-like (S variant) 
16,Elongation factors 
16,UBX domain 
58,Bacterial lipase 
32,Glutathione peroxidase-like 
59,ImpE-like 
16,t-snare proteins 
60,Hydroxynitrile lyase-like 
4,2-5-oligoadenylate synthetase 1- OAS1- N-terminal domain 
4,Alanine racemase-like- N-terminal domain 
4,Amidase signature (AS) enzymes 
4,Ammonium transporter 
4,BaiE/LinA-like 
4,CAD domain 
4,CAF1-like ribonuclease 
4,DNA polymerase beta- N-terminal domain-like 
4,Dystroglycan- N-terminal domain 
4,Enolase N-terminal domain-like 
4,GRIP domain 
4,GlcNAc-alpha-1-4-Gal-releasing endo-beta-galactosidase- GngC- C-terminal domain 
4,H-NOX domain 
4,HD domain 
4,HIT zinc finger 
4,Insect phospholipase A2 
4,Middle domain of MutM-like DNA repair proteins 
4,Neutral endopeptidase (neprilysin) 
4,PABC (PABP) domain 
4,Peptidylarginine deiminase Pad4- N-terminal domain 
4,Peptidylarginine deiminase Pad4- catalytic C-terminal domain 
4,Peptidylarginine deiminase Pad4- middle domain 
4,Phoshatidylinositol transfer protein- PITP 
4,Polo-box duplicated region 
4,Pumilio repeat 
4,Release factor 
4,Ribonuclease H 
4,Rpa4348-like 
4,SRF-like 
4,Serine acetyltransferase 
4,Smg-4/UPF3 
4,SorC sugar-binding domain-like 
4,Swaposin 
4,Triosephosphate isomerase (TIM) 
4,Vanillyl-alcohol oxidase-like 
4,alpha-ketoacid dehydrogenase kinase- N-terminal domain 
4,variant C2H2 finger 
17,DEP domain 
17,Pancreatic carboxypeptidases 
62,DPP6 catalytic domain-like 
3,BT2961-like 
3,Dachshund-homology domain 
3,LEM domain 
3,Mob1/phocein 
3,Ornithine cyclodeaminase-like 
3,PF0610-like 
3,PaaI/YdiI-like 
3,Putative glucosidase YicI- domain 3 
3,TAP-like 
64,Carboxylesterase 
18,Cell cycle control phosphatase- catalytic domain 
18,Ubiquitin carboxyl-terminal hydrolase 8- USP8 
65,Cadherin 
18,ZZ domain 
41,(Uracil-5-)-methyltransferase 
19,Glucose-inhibited division protein B (GidB) 
5,Acyl-carrier protein (ACP) 
5,Ameobapore A 
5,Biotin repressor-like 
5,Cutinase-like 
5,D-ribulose-5-phosphate 3-epimerase 
5,DIX domain 
5,DNA polymerase beta-like- second domain 
5,DNA repair protein MutS- domain III 
5,DNA/RNA non-specific endonuclease 
5,ECA1476-like 
5,Galactoside acetyltransferase-like 
5,Hexokinase 
5,Histidine acid phosphatase 
5,PglD-like 
5,Saposin B 
5,Sialidases (neuraminidases) 
5,Tim10/DDP 
5,Transcriptional regulator IclR- N-terminal domain 
5,Tryptophan biosynthesis enzymes 
5,UDP N-acetylglucosamine acyltransferase 
5,YdcK-like 
5,YfgJ-like 
5,gamma-carbonic anhydrase-like 
5,mRNA decapping enzyme DcpS C-terminal domain 
5,monodomain cytochrome c 
20,Chromo domain 
44,rRNA adenine dimethylase-like 
20,SAP domain 
18,Calsequestrin 
46,BCR-homology GTPase activation domain (BH-domain) 
4,Elongation factor TFIIS domain 2 
4,Ferritin 
4,FucT-like 
4,HSP90 C-terminal domain 
4,Hypothetical protein alr1529 
4,PP1699/LP2961-like 
19,ATP-binding domain of peptide synthetases 
81,CT2138-like 
6,BC C-terminal domain-like 
6,BTG domain-like 
6,D-aminoacylase 
6,FAD/NAD-linked reductases- dimerisation (C-terminal) domain 
6,Histidine-rich actin-binding protein (hisactophilin) 
6,Isoaspartyl dipeptidase 
6,La domain 
6,MoCo biosynthesis proteins 
6,Pancreatic carboxypeptidase- activation domain 
6,Stathmin 
6,TB module/8-cys domain 
6,Type II chitinase 
6,ValRS/IleRS/LeuRS editing domain 
6,rRNA methyltransferase AviRa 
22,NF-kappa-B/REL/DORSAL transcription factors- C-terminal domain 
46,Thioltransferase 
20,Phosducin 
275,I set domains 
21,CO-sensing protein CooA- N-terminal domain 
24,DEATH domain- DD 
6,Adenylyltransferase 
6,AlaX-like 
6,BED zinc finger 
6,Catalytic subunit of bi-partite nucleotidyltransferase 
6,D-glucarate dehydratase-like 
6,DEATH effector domain- DED 
6,DnaJ/Hsp40 cysteine-rich domain 
6,Glucokinase 
6,Hook domain 
6,Inhibitor of apoptosis (IAP) repeat 
6,N-acetylglucosamine-6-phosphate deacetylase- NagA 
6,NKL-like 
6,PIWI domain 
6,Ribosomal protein S27a 
6,TTHA0179-like 
6,Threonyl-tRNA synthetase (ThrRS)- second additional domain 
6,UFC1-like 
6,alpha-Subunit of urease 
56,HAT/Suf repeat 
5,AlkB-like 
5,Arrestin/Vps26-like 
5,Bactericidal permeability-increasing protein- BPI 
5,Cation efflux protein transmembrane domain-like 
5,GABARAP-like 
5,Trefoil 
23,Txnl5-like 
26,FHA domain 
24,HyaE-like 
27,Phosphonoacetaldehyde hydrolase-like 
60,Catalytic- N-terminal domain of histone methyltransferase Dot1l 
7,Branched-chain alpha-keto acid dehydrogenase Pyr module 
7,Cytidylytransferase 
7,Hexose-1-phosphate uridylyltransferase 
7,MarR-like transcriptional regulators 
7,PAZ domain 
7,Phosphatidylinositol phosphate kinase IIbeta- PIPK IIbeta 
7,Ribosomal protein L32p 
7,Transglutaminase- two C-terminal domains 
7,UDP-glucose pyrophosphorylase 
25,APC10-like 
64,Ta1320-like 
29,UEV domain 
6,Carboxypeptidase regulatory domain 
8,Anion transport protein- cytoplasmic domain 
8,Archaeal tRNA CCA-adding enzyme catalytic domain 
8,BAH domain 
8,Cofilin-like 
8,ENTH domain 
8,Myeloperoxidase-like 
8,Poly(A) polymerase- PAP- N-terminal domain 
8,Ppx/GppA phosphatase 
8,Rel/Dorsal transcription factors- DNA-binding domain 
8,Vertebrate phospholipase A2 
64,Fungal lipases 
64,Putative serine hydrolase Ydr428c 
67,Epoxide hydrolase 
68,Haloperoxidase 
292,V set domains (antibody variable domain-like) 
30,Acetylcholinesterase-like 
30,Forkhead DNA-binding domain 
8,AstE/AspA-like 
8,Branched-chain alpha-keto acid dehydrogenase PP module 
8,Clathrin heavy chain proximal leg segment 
8,Cytosine deaminase catalytic domain 
8,HSP20 
8,Leucine-rich repeat variant 
70,Proline iminopeptidase-like 
7,Elafin-like 
7,Phosphotriesterase-like 
9,Fibronectin type II module 
9,Filamin repeat (rod domain) 
9,Transglutaminase core 
9,Zn-dependent arginine carboxypeptidase-like 
8,Globins 
8,TFIIH p44 subunit cysteine-rich domain 
10,Calpain large subunit- middle domain (domain III) 
10,Glutaminyl-peptide cyclotransferase-like 
10,Hypothetical protein TM0207 
10,Sigma4 domain 
39,Viral cysteine protease of trypsin fold 
39,Chemotaxis receptor methyltransferase CheR- C-terminal domain 
10,Cofactor-dependent phosphoglycerate mutase 
10,Glyoxalase II (hydroxyacylglutathione hydrolase) 
10,L27 domain 
10,Short-chain cytokines 
10,Soluble quinoprotein glucose dehydrogenase 
10,Zf-UBP 
38,HCP-like 
9,Galectin (animal S-lectin) 
9,STAR domain 
40,Pancreatic lipase- N-terminal domain 
11,Erythroid transcription factor GATA-1 
11,HPr kinase HprK C-terminal domain 
11,Imidazolonepropionase-like 
10,ATI-like 
10,BSTI 
10,Serine carboxypeptidase-like 
48,C-type lectin domain 
12,Glycerol kinase 
12,Other IPT/TIG domains 
12,ROO N-terminal domain-like 
12,beta 1-4 galactosyltransferase (b4GalT1) 
47,Kelch motif 
13,Bacterial PLC 
13,Bacterial dinuclear zinc exopeptidases 
12,MutY C-terminal domain-like 
12,PP2C-like 
12,Retinol binding protein-like 
14,Alcohol dehydrogenase-like- N-terminal domain 
14,Aromatic dioxygenase reductase-like 
14,Hypothetical protein VC0232 
14,Prolyl oligopeptidase- N-terminal domain 
14,Reductases 
14,SAH/MTA deaminase-like 
14,p120GAP domain-like 
127,Tetratricopeptide repeat (TPR) 
13,NADH pyrophosphatase 
58,Histamine methyltransferase 
15,Carboxypeptidase T 
59,Lipase 
14,BT0820-like 
61,Biotin biosynthesis protein BioH 
64,Tail specific protease PDZ domain 
17,BC ATP-binding domain-like 
16,MutT-like 
16,Heat shock protein 90- HSP90- N-terminal domain 
18,MYND zinc finger 
19,Ras GEF 
18,Lysine biosynthesis enzyme LysX ATP-binding domain 
76,LacY-like proton/sugar symporter 
21,Pointed domain 
80,Glycerol-3-phosphate transporter 
21,Pyk2-associated protein beta ARF-GAP domain 
20,Galactose-binding domain 
20,Spore coat polysaccharide biosynthesis protein SpsA 
20,UAS domain 
91,Transcription factor MalT domain III 
25,cAMP-binding domain 
27,Spermadhesin- CUB domain 
27,Magnesium-dependent phosphatase-1- Mdp1 
26,Exostosin 
26,MHC antigen-recognition domain 
29,Pentraxin (pentaxin) 
29,YihX-like 
29,PDI-like 
31,CCCH zinc finger 
33,PX domain 
35,Complement control module/SCR domain 
35,Ku70 subunit N-terminal domain 
37,Hypothetical esterase YJL068C 
44,Methyltransferase 10 domain 
51,Integrin A (or I) domain 
56,A novel bacterial esterase 
64,BTAD-like 
66,2-6-dihydropseudooxynicotine hydrolase-like 
66,Hypothetical protein TT1662 
68,Gastric lipase 
68,Hypothetical protein VC1974 
76,Thioesterases 
78,Galactose oxidase- central domain 
103,Splicing factor U2AF subunits 
105,PLC-like (P variant) 
2,1-3-glucuronyltransferase 
1,14 kDa protein of cytochrome bc1 complex (Ubiquinol-cytochrome c reductase) 
1,2-3-Bisphosphoglycerate-independent phosphoglycerate mutase- substrate-binding domain 
1,2-3-cyclic nucleotide 3-phosphodiesterase- catalytic domain 
3,2Fe-2S ferredoxin-related 
2,3-demethylubiquinone-9 3-methyltransferase 
1,3-hydroxyanthranilic acid dioxygenase-like 
1,4-(cytidine 5-diphospho)-2C-methyl-D-erythritol kinase IspE 
1,4-Phosphopantetheinyl transferase SFP 
5,4HBT-like 
3,5 nucleotidase-like 
3,5(3)-deoxyribonucleotidase (dNT-2) 
1,5-aminolaevulinate dehydratase- ALAD (porphobilinogen synthase) 
1,5-nucleotidase (syn. UDP-sugar hydrolase)- C-terminal domain 
8,6-phosphofructo-2-kinase/fructose-2-6-bisphosphatase- phosphatase domain 
3,7-Fe ferredoxin 
5,A20-like zinc finger 
1,ACDE2-like 
2,ADP-ribosylating toxins 
1,ADP-ribosylglycohydrolase 
1,AF1437-like 
1,AFP III-like domain 
1,AHSA1 domain 
2,AMB4284-like 
1,AMMECR1-like 
3,APG12-like 
3,ATP sulfurylase catalytic domain 
1,ATP synthase (F1-ATPase)- gamma subunit 
1,ATP synthase B chain-like 
1,ATP synthase D chain-like 
1,ATP-dependent riboflavin kinase-like 
1,ATP12-like 
2,ATPase domain of dehydratase reactivase alpha subunit 
3,AXH domain 
1,AadK N-terminal domain-like 
60,Acetyl xylan esterase-like 
17,Acetyl-CoA synthetase-like 
4,Acetylhydrolase 
2,Achaeal helicase C-terminal domain 
64,Aclacinomycin methylesterase RdmC 
1,Actin-fragmin kinase- catalytic domain 
1,Activator of Hsp90 ATPase- Aha1 
3,Acyl-ACP thioesterase-like 
6,Acyl-CoA binding protein 
1,Acyl-CoA thioesterase 
63,Acylamino-acid-releasing enzyme- C-terminal donain 
1,Adaptor protein ClpS (YljA) 
3,Adenine deaminase 
6,Adenine deaminase-like 
5,Adenosine/AMP deaminase 
2,AlaX-M N-terminal domain-like 
1,Alginate lyase A1-III 
3,Alkylsulfatase C-terminal domain-like 
8,Alkylsulfatase-like 
1,Allantoicase repeat 
1,Allene oxide synthase 
3,Alpha-adaptin ear subdomain-like 
1,Alpha-hemoglobin stabilizing protein AHSP 
9,Alpha-toxin- C-terminal domain 
3,Aminomethyltransferase beta-barrel domain 
3,Aminomethyltransferase folate-binding domain 
1,Aminopeptidase/glucanase lid domain 
1,AmyC N-terminal domain-like 
1,An Obfc1 domain 
1,Anti-sigma factor AsiA 
7,Anti-sigma factor antagonist SpoIIaa 
6,Antibiotic resistance proteins 
1,Anticodon-binding domain of PheRS 
1,Apolipophorin-III 
1,Apyrase 
10,Aquaporin-like 
1,Arginine repressor (ArgR)- N-terminal DNA-binding domain 
1,Argininosuccinate synthetase- C-terminal domain 
1,Aromatic compound dioxygenase 
1,Arp2/3 complex 21 kDa subunit ARPC3 
5,ArsR-like transcriptional regulators 
1,Aspartate carbamoyltransferase- Regulatory-chain- C-terminal domain 
1,Aspartate/glutamate racemase 
3,Aspartate/ornithine carbamoyltransferase 
3,Association domain of calcium/calmodulin-dependent protein kinase type II alpha subunit- CAMK2A 
3,At5g01750-like 
1,AtpF-like 
1,Atu0492-like 
1,Atu0742-like 
1,Atu1540-like 
60,Atu1826-like 
1,Atu2648/PH1033-like 
1,Atu2684-like 
5,Autoinducer synthetase 
2,Autophagin-like 
9,Ava3068-like 
1,B12-dependent (class II) ribonucleotide reductase 
1,B3/B4 domain of PheRS- PheT 
2,BAFF receptor-like 
1,BB1717-like 
3,BC1024-like 
5,BEACH domain 
1,BLES03-like 
1,BM-002-like 
1,BRCA2 helical domain 
1,BRCA2 tower domain 
3,BRK domain-like 
1,BSD domain 
14,BT0354 N-terminal domain-like 
2,Bacterial tryptophan 2-3-dioxygenase 
1,Barrier-to-autointegration factor- BAF 
2,Beta-galactosidase LacA- domains 4 and 5 
1,Biliverdin reductase 
1,Biotin holoenzyme synthetase 
1,Biotin repressor (BirA) 
1,BolA-like 
4,Branched-chain alpha-keto acid dehydrogenase beta-subunit- C-terminal-domain 
3,Brix domain 
3,BxeB1374-like 
1,C-terminal autoproteolytic domain of nucleoporin nup98 
1,C-terminal domain of DFF45/ICAD (DFF-C domain) 
1,C-terminal domain of Ku80 
3,C-terminal domain of adenylylcyclase associated protein 
3,C-terminal domain of alpha and beta subunits of F1 ATP synthase 
1,C-terminal domain of the electron transfer flavoprotein alpha subunit 
1,C-terminal domain of the rap74 subunit of TFIIF 
5,C-terminal- Zn-finger domain of MutM-like DNA repair proteins 
2,C-type lysozyme 
239,C2 set domains 
1,CBM11 
1,CBM4/9 
4,CCHHC domain 
3,CHU142-like 
1,CMD-like 
1,COX17-like 
19,CRAL/TRIO domain 
5,CUE domain 
1,CYTH domain 
3,Calnexin/calreticulin 
3,Capz alpha-1 subunit 
1,Capz beta-1 subunit 
1,Carbamate kinase 
1,Carbamoyl phosphate synthetase- large subunit allosteric- C-terminal domain 
1,Carbamoyl phosphate synthetase- large subunit connection domain 
1,Carbamoyl phosphate synthetase- small subunit N-terminal domain 
69,Carboxylesterase/lipase 
71,Carboxylesterase/thioesterase 1 
1,Casein kinase II beta subunit 
1,Caspase-activated DNase- CAD (DffB- DFF40) 
3,Cation efflux protein cytoplasmic domain-like 
64,Ccg1/TafII250-interacting factor B (Cib) 
2,Cdc48 N-terminal domain-like 
2,Cdc48 domain 2-like 
1,Cgl1923-like 
7,Chalcone synthase-like 
30,Chaperone J-domain 
5,Choline/Carnitine O-acyltransferase 
3,Chondroitinase B 
1,Citrate synthase 
5,Class B acid phosphatase- AphA 
1,Class I DAHP synthetase 
1,Class II MHC-associated invariant chain ectoplasmic trimerization domain 
4,Clathrin adaptor appendage- alpha and beta chain-specific domain 
2,Clathrin heavy-chain linker domain 
4,ClpX chaperone zinc binding domain 
12,CmcI-like 
5,Cna protein B-type domain 
3,CoA-binding domain 
1,CoaB-like 
2,Coatomer appendage domain 
1,Cobalt chelatase CbiK 
12,Coenzyme PQQ synthesis protein B- PqqB 
1,Colicin E immunity proteins 
2,Colipase-like 
5,ComEA-like 
1,Composite domain of glycosyl hydrolase families 5- 30- 39 and 51 
1,Coproporphyrinogen III oxidase 
1,Core binding factor beta- CBF 
1,CoxG-like 
1,CutC-like 
13,Cyclophilin (peptidylprolyl isomerase) 
2,Cytidine deaminase 
5,Cytidylyltransferase 
3,Cytochrome c oxidase Subunit F 
1,Cytochrome c oxidase subunit E 
1,Cytochrome c oxidase subunit II-like- transmembrane region 
1,Cytochrome c oxidase subunit h 
1,Cytochrome c1 subunit of cytochrome bc1 complex (Ubiquinol-cytochrome c reductase)- transmembrane anchor 
2,D-lactate dehydrogenase 
2,D-ribose-5-phosphate isomerase (RpiA)- catalytic domain 
1,D-ribose-5-phosphate isomerase (RpiA)- lid domain 
1,DAK1 
3,DEK C-terminal domain 
3,DLC 
1,DNA damage-inducible protein DinI 
20,DNA gyrase/MutL- N-terminal domain 
1,DNA helicase RuvA subunit- middle domain 
1,DNA mismatch repair protein MutL 
3,DNA polymerase beta-like 
3,DNA polymerase processivity factor 
7,DNA repair factor XPA DNA- and RPA-binding domain- N-terminal subdomain 
1,DNA repair glycosylase- N-terminal domain 
1,DNA replication factor Cdt1 
1,DNA-binding domain from NDT80 
1,DNA-binding domain from rap30 
1,DNA-binding protein AlbA 
2,DNA-binding protein Mj223 
3,DR0824-like 
1,DTD-like 
1,Deoxyhypusine synthase- DHS 
1,Desulforedoxin 
1,DhaL-like 
1,Diaminopimelate epimerase 
3,Dihydrodipicolinate reductase-like 
1,Dihydrofolate reductases 
5,Dihydroorotase 
1,Dihydropteroate synthetase 
1,Dimerisation domain of CENP-B 
1,Dipeptidyl peptidase I (cathepsin C)- exclusion domain 
1,Divalent ion tolerance proteins CutA (CutA1) 
1,Dom34/Pelota N-terminal domain-like 
2,Domain G2 of nidogen-1 
1,Domain from hypothetical 2610208m17rik protein 
1,Domain of the SRP/SRP receptor G-proteins 
1,Double-stranded DNA-binding domain 
1,Dystroglycan- domain 2 
3,EB1 dimerisation domain-like 
2,ECR1 N-terminal domain-like 
4,EF-G/eEF-2 domains III and V 
3,ELL N2 domain-like 
1,ERH-like 
1,ERO1-like 
1,ERP29 C domain-like 
20,ERP29 N domain-like 
2,Ecto-ART 
1,Electron transfer flavoprotein-ubiquinone oxidoreductase-like 
1,Elongation factor Ts (EF-Ts)- dimerisation domain 
1,Emsy N terminal (ENT) domain-like 
16,Enabled/VASP homology 1 domain (EVH1 domain) 
1,Endonuclease IV 
3,Enolase 
26,Enolase-phosphatase E1 
1,Epsilon subunit of F1F0-ATP synthase C-terminal domain 
1,Epsilon subunit of F1F0-ATP synthase N-terminal domain 
1,Epsilon subunit of mitochondrial F1F0-ATP synthase 
3,Esterase 
1,Eukaryotic EndoU ribonuclease 
2,Eukaryotic ODC-like 
1,Eukaryotic glutathione synthetase ATP-binding domain 
1,Eukaryotic glutathione synthetase- substrate-binding domain 
70,Eukaryotic proteases 
1,Eukaryotic translation initiation factor 3 subunit 12- eIF3k- N-terminal domain 
2,Exocyst complex component 
1,Exodeoxyribonuclease V beta chain (RecB)- C-terminal domain 
1,Expressed protein At2g23090/F21P24.15 
1,Extended PAW domain 
5,Extradiol dioxygenases 
1,FAD-dependent thiol oxidase 
3,FAD-linked oxidases- N-terminal domain 
3,FF domain 
1,FGAM synthase PurL- PurS-like domain 
1,FGAM synthase PurL- linker domain 
1,FIS-like 
1,FKBP12-rapamycin-binding domain of FKBP-rapamycin-associated protein (FRAP) 
4,Family 1 of glycosyl hydrolase 
1,Family 10 polysaccharide lyase 
11,Fatty acid binding protein-like 
1,Fe-Mn superoxide dismutase (SOD)- C-terminal domain 
1,Fe-Mn superoxide dismutase (SOD)- N-terminal domain 
1,FemXAB nonribosomal peptidyltransferases 
12,Ferredoxin reductase FAD-binding domain-like 
1,Ferrochelatase 
1,Fibronectin type I module 
1,FkbM-like 
10,Flavodoxin-related 
13,Flavohemoglobin- C-terminal domain 
1,FliG 
11,FolH catalytic domain-like 
1,Folylpolyglutamate synthetase 
2,Folylpolyglutamate synthetase- C-terminal domain 
1,Formate dehydrogenase/DMSO reductase- domains 1-3 
1,Formiminotransferase domain of formiminotransferase-cyclodeaminase. 
11,Formin homology 2 domain (FH2 domain) 
2,Formyltransferase 
1,Frataxin-like 
1,Fumarylacetoacetate hydrolase- FAH- N-terminal domain 
1,Functional domain of the splicing factor Prp18 
2,G domain-linked domain 
1,GAD domain 
1,GAPDH-like 
7,GARP response regulators 
4,GAS2 domain 
15,GDP-mannose mannosyl hydrolase NudD 
9,GLA-domain 
1,GMP synthetase C-terminal dimerisation domain 
2,GTF2I-like repeat 
1,GTP cyclohydrolase I 
1,GTP cyclohydrolase I feedback regulatory protein- GFRP 
2,GYF domain 
2,GalR/LacI-like bacterial regulator 
5,Galactosyltransferase LgtC 
2,Gamma-glutamyl cyclotransferase-like 
1,Ganglioside M2 (gm2) activator 
1,Gar1-like SnoRNP 
1,GatB/GatE C-terminal domain-like 
1,GatB/GatE catalytic domain-like 
1,GerE-like (LuxR/UhpA family of transcriptional regulators) 
5,Germin/Seed storage 7S protein 
3,Glucose 6-phosphate dehydrogenase-like 
1,Glutamate mutase- large subunit 
1,Glutamate-cysteine ligase family 2 (GCS2) 
1,Glutaminase 
7,Glycerol-3-phosphate (1)-acyltransferase 
6,Glycogenin 
3,Glycolipid transfer protein- GLTP 
1,Glycosyl hydrolases family 16 
4,Glycosyl hydrolases family 35 catalytic domain 
3,Glycosyltransferase family 36 C-terminal domain 
5,Glyoxalase I (lactoylglutathione lyase) 
6,Gonadodropin/Follitropin 
2,Granulin repeat 
1,GroEL-like chaperone- apical domain 
1,GroEL-like chaperone- intermediate domain 
3,Guanido kinase N-terminal domain 
3,Guanido kinase catalytic domain 
1,GyrA/ParC C-terminal domain-like 
23,HAD-related 
1,HAL/PAL-like 
1,HBS1-like domain 
1,HEPN domain 
7,HIT (HINT- histidine triad) family of protein kinase-interacting proteins 
4,HMGL-like 
3,Hairpin loop containing domain 
7,Hairy Orange domain 
1,Head domain of nucleotide exchange factor GrpE 
2,Hedgehog (development protein)- N-terminal signaling domain 
2,Hedgehog C-terminal (Hog) autoprocessing domain 
1,HemD-like 
1,Heme-dependent catalases 
1,Heparin-binding domain from vascular endothelial growth factor 
1,HesB-like domain 
1,Hevein-like agglutinin (lectin) domain 
17,Histidine kinase 
1,Hjc-like 
3,HlyD-like secretion proteins 
1,Holo-(acyl carrier protein) synthase ACPS 
1,Homodimeric domain of signal transducing histidine kinase 
1,Homoserine dehydrogenase-like 
1,Homoserine kinase 
2,HpcH/HpaI aldolase 
1,Hsp90 co-chaperone CDC37 
1,HupF/HypC-like 
1,HxlR-like 
6,Hydantoinase (dihydropyrimidinase) 
7,Hydantoinase (dihydropyrimidinase)- catalytic domain 
2,Hydroxyisobutyrate and 6-phosphogluconate dehydrogenase domain 
1,Hypothetical protein APE0525- N-terminal domain 
1,Hypothetical protein AT3g04780/F7O18_27 
1,Hypothetical protein At2g34160 
4,Hypothetical protein At5g48480 
5,Hypothetical protein BC1747 
2,Hypothetical protein HI1388.1 
1,Hypothetical protein MTH1 (MT0001)- dimerisation domain 
1,Hypothetical protein MTH1 (MT0001)- insert domain 
1,Hypothetical protein PH1602 
1,Hypothetical protein PH1932 
1,Hypothetical protein SAV1430 
1,Hypothetical protein TM0269 
1,Hypothetical protein TM1112 
1,Hypothetical protein YgbM (EC1530) 
2,Hypothetical protein YjcS 
1,Hypothetical protein YteR 
1,Hypothetical protein YwqG 
3,Hypothetical protein YycE 
2,Hypothetical protein c14orf129- hspc210 
3,Hypothetical protein egc068 from a soil-derived mobile gene cassette 
1,Hypothetical protein ybl036c 
2,Hypothetical zinc finger protein YacG 
16,IBR domain 
3,IIA domain of mannitol-specific and ntr phosphotransferase EII 
1,ISP transmembrane anchor 
1,Indoleamine 2-3-dioxygenase-like 
5,Inositol monophosphatase/fructose-1-6-bisphosphatase-like 
5,Inositol polyphosphate kinase (IPK) 
1,Insert subdomain of RNA polymerase alpha subunit 
3,Intein (protein splicing domain) 
1,Interleukin 17F- IL-17F 
1,Invasin/intimin cell-adhesion fragments 
1,IpaD-like 
1,Iron-containing alcohol dehydrogenase 
2,Iron-dependent repressor protein 
7,Isoaspartyl dipeptidase- catalytic domain 
4,JAB1/MPN domain 
1,Kanamycin nucleotidyltransferase (KNTase)- N-terminal domain 
1,KduI-like 
3,Ketosteroid isomerase-like 
1,KguE-like 
1,KorB DNA-binding domain-like 
38,Ku80 subunit N-terminal domain 
2,L-alanine dehydrogenase-like 
6,L-aminoacid/polyamine oxidase 
1,L15e 
1,LCCL domain 
4,LON domain-like 
3,Lamin A/C globular tail domain 
2,LanC-like 
3,Leishmanolysin 
2,Leucine carboxy methyltransferase Ppm1 
11,Linker histone H1/H5 
1,Lipase chaperone LifO-like 
2,Lipovitellin-phosvitin complex- superhelical domain 
1,LmbE-like 
2,LplA-like 
1,LysR-like transcriptional regulators 
1,MAL13P1.257-like 
9,MAM domain 
4,MAPEG domain 
3,MAST3 pre-PK domain-like 
8,MBT repeat 
1,MED7 hinge region 
4,MHCK/EF2 kinase 
2,MIF-related 
6,Macro domain 
1,Maf-like 
1,Malic enzyme N-domain 
4,Mannose 6-phosphate receptor domain 
2,Mannose-6-phosphate receptor binding protein 1 (Tip47)- C-terminal domain 
1,Mannose-binding lectins 
1,MaoC-like 
1,Marine metagenome family DABB3 
1,MazG-like 
1,MerB-like 
1,Methenyltetrahydrofolate cyclohydrolase-like 
2,Methenyltetrahydrofolate synthetase 
1,Methionine synthase SAM-binding domain 
1,Methionine synthase domain 
11,Methyl parathion hydrolase 
1,Methylated DNA-protein cysteine methyltransferase domain 
1,Methylated DNA-protein cysteine methyltransferase- C-terminal domain 
1,Methylenetetrahydrofolate reductase 
1,Methylglyoxal synthase- MgsA 
3,Methylmalonyl-CoA epimerase 
1,Methylmalonyl-CoA mutase- N-terminal (CoA-binding) domain 
1,Methyltetrahydrofolate-utiluzing methyltransferases 
1,Mevalonate 5-diphosphate decarboxylase 
1,MgsA/YrvN C-terminal domain-like 
1,MgtE membrane domain-like 
1,Midkine- a heparin-binding growth factor- C-terminal domain 
1,Midkine- a heparin-binding growth factor- N-terminal domain 
1,Mini-collagen I- C-terminal domain 
2,Minimal THUMP 
1,Mitochondrial ATP synthase coupling factor 6 
31,Mitochondrial carrier 
1,Mitochondrial cytochrome c oxidase subunit IV 
1,Mitochondrial cytochrome c oxidase subunit VIIIb (aka IX) 
3,Mitochondrial cytochrome c oxidase subunit VIIa 
1,Mitochondrial cytochrome c oxidase subunit VIIb 
1,Mitochondrial cytochrome c oxidase subunit VIIc (aka VIIIa) 
1,Mitochondrial cytochrome c oxidase subunit VIc 
1,Mitochondrial glycoprotein MAM33-like 
1,Mitochondrial import receptor subunit Tom20 
1,Mitochondrial resolvase ydc2 catalytic domain 
5,MoaD 
1,MoeA C-terminal domain-like 
1,MoeA N-terminal region -like 
3,MoeA central domain-like 
3,Moesin tail domain 
2,MogA-like 
1,Molybdenum cofactor biosynthesis protein C- MoaC 
5,Molybdenum cofactor biosynthesis protein MobA 
1,Molybdenum-containing oxidoreductases-like dimerisation domain 
1,Monomeric nicotinate phosphoribosyltransferase C-terminal domain 
1,MukF C-terminal domain-like 
1,MurCDEF 
1,MurCDEF C-terminal domain 
2,Muramoyl-pentapeptide carboxypeptidase 
35,Myb/SANT domain 
60,Mycobacterial antigens 
2,Myosin phosphatase inhibitor 17kDa protein- CPI-17 
1,N-acetyl-l-glutamate kinase 
7,N-acetylglucosamine-6-phosphate deacetylase- NagA- catalytic domain 
2,N-acetylglucosaminyltransferase I 
1,N-deoxyribosyltransferase 
2,N-terminal domain of MutM-like DNA repair proteins 
1,N-terminal domain of eukaryotic peptide chain release factor subunit 1- ERF1 
1,N-terminal domain of molybdate-dependent transcriptional regulator ModE 
2,N-terminal- heterodimerisation domain of RBP7 (RpoE) 
1,N5-CAIR mutase (phosphoribosylaminoimidazole carboxylase- PurE) 
2,NAD kinase-like 
1,NAD-binding domain of HMG-CoA reductase 
13,NADPH-cytochrome p450 reductase-like 
3,NADPH-dependent FMN reductase 
1,NIF3 (NGG1p interacting factor 3)-like 
3,NIPSNAP 
8,NLI interacting factor-like phosphatase 
1,NOB1 zinc finger-like 
1,NQO2-like 
3,NSFL1 (p97 ATPase) cofactor p47- SEP domain 
7,NTF2-like 
4,NadC C-terminal domain-like 
2,NadC N-terminal domain-like 
1,NeuB-like 
3,Neurolysin-like 
3,Neurotrophin 
1,Nickel-iron hydrogenase- large subunit 
1,Nickel-iron hydrogenase- small subunit 
1,NifU C-terminal domain-like 
1,NifU/IscU domain 
3,NlpC/P60 
2,Non-canonical RBD domain 
1,Non-fluorescent flavoprotein (luxF- FP390) 
1,Non-heme 11 kDa protein of cytochrome bc1 complex (Ubiquinol-cytochrome c reductase) 
2,Nop domain 
1,Nq06-like 
1,Nqo1 FMN-binding domain-like 
1,Nqo1 middle domain-like 
1,Nqo1C-terminal domain-like 
1,Nqo4-like 
1,Nqo5-like 
2,Nucleoplasmin-like core domain 
7,Nucleoside diphosphate kinase- NDK 
1,Nucleoside phosphorylase/phosphoribosyltransferase N-terminal domain 
1,Nucleoside phosphorylase/phosphoribosyltransferase catalytic domain 
1,NusA extra C-terminal domains 
26,O-acetyltransferase 
1,Obg GTP-binding protein N-terminal domain 
2,Oligoxyloglucan reducing end-specific cellobiohydrolase 
2,Oncogene products 
4,Osteonectin 
1,Outer membrane efflux proteins (OEP) 
1,Outer surface protein- N-terminal domain 
26,Ovomucoid domain III-like 
1,Oxidoreductase molybdopterin-binding domain 
3,P-domain of calnexin/calreticulin 
5,P4 origin-binding domain-like 
1,P40 nucleoprotein 
2,PA3566-like 
3,PAH2 domain 
7,PAPS reductase-like 
1,PCD-like 
1,PF0523-like 
2,PF1790-like 
1,PFOR Pyr module 
1,PG130-like 
1,PHP domain 
3,PIN domain 
4,PKD domain 
2,PMP inhibitors 
1,PNP-oxidase like 
6,PR-1-like 
1,PSF1 N-terminal domain-like 
1,PSF2 C-terminal domain-like 
1,PSF2 N-terminal domain-like 
1,PSF3 C-terminal domain-like 
1,PTPA-like 
1,PTS-regulatory domain- PRD 
3,PWI domain 
1,PaaD-like 
12,Paired domain 
5,Patatin 
1,PdxA-like 
3,Pectate transeliminase 
6,Pepsin-like 
1,Peptide methionine sulfoxide reductase 
1,Peptidoglycan hydrolase LytM 
2,Peptidyl carrier domain 
1,Peptidyl-tRNA hydrolase II 
3,Peptidyl-tRNA hydrolase domain 
2,Peptidylglycine alpha-hydroxylating monooxygenase- PHM 
1,Periplasmic chaperone C-domain 
1,Phage lysozyme 
3,PhnA zinc-binding domain 
1,Phosphatidylethanolamine binding protein 
3,Phosphofructokinase 
3,Phosphoglucomutase- C-terminal domain 
3,Phosphoglucomutase- first 3 domains 
1,Phosphoglycerate kinase 
1,PhyH-like 
3,PhzA/PhzB-like 
1,PilZ domain 
1,Pirin-like 
1,Plant defensins 
1,Plus3 
1,Poly A polymerase C-terminal region-like 
28,Polypeptide N-acetylgalactosaminyltransferase 1- N-terminal domain 
1,Porphobilinogen deaminase (hydroxymethylbilane synthase)- C-terminal domain 
1,Porphyromonas-type peptidylarginine deiminase 
11,PqsE-like 
5,PreBEACH PH-like domain 
1,Preprotein translocase SecE subunit 
1,PrgX N-terminal domain-like 
1,PriA-like 
1,Primase fragment of primase-helicase protein 
1,Prion-like 
2,ProC C-terminal domain-like 
1,Probable ACP-binding domain of malonyl-CoA ACP transacylase 
2,Profilin (actin-binding protein) 
1,Prokaryotic PEBP-like proteins 
71,Prokaryotic proteases 
1,Prokaryotic ribosomal protein L17 
6,Protein prenyltransferases 
2,Protein serine/threonine phosphatase 2C- C-terminal domain 
1,Protozoan pheromone proteins 
1,Prp8 beta-finger domain-like 
2,Pseudouridine synthase I TruA 
14,PurP ATP-binding domain-like 
1,Purple acid phosphatase- N-terminal domain 
1,Putative alpha-L-fucosidase- catalytic domain 
1,Putative anticodon-binding domain of alanyl-tRNA synthetase (AlaRS) 
1,PyrH-like 
1,Pyrimidine nucleoside phosphorylase C-terminal domain 
1,Pyrrolidone carboxyl peptidase (pyroglutamate aminopeptidase) 
6,Pyruvate oxidase and decarboxylase PP module 
2,Pyruvate oxidase and decarboxylase Pyr module 
3,Pyruvate-ferredoxin oxidoreductase- PFOR- domain II 
3,Quinohemoprotein amine dehydrogenase A chain- domains 1 and 2 
19,Quinoprotein alcohol dehydrogenase-like 
1,R1 subunit of ribonucleotide reductase- C-terminal domain 
1,R1 subunit of ribonucleotide reductase- N-terminal domain 
1,RAP domain 
3,RBP11/RpoL 
13,RBP12 subunit of RNA polymerase II 
2,RGC domain 
2,RIKEN cDNA 2310057j16 protein (KIAA1543) 
1,RNA polymerase alpha subunit dimerisation domain 
1,RNA polymerase subunit RBP8 
1,RNA polymerase subunit RPB10 
1,RNA-polymerase beta-prime 
1,RNase P subunit p29-like 
1,RNase P subunit p30 
15,RNase Z-like 
9,ROK 
2,RPA4359-like 
1,RPB5 
1,RPB6 
1,RPO3F domain-like 
1,Rab geranylgeranyltransferase alpha-subunit- insert domain 
1,RabGEF Mss4 
1,Ran-GTPase activating protein 1 (RanGAP1)- C-terminal domain 
14,Ran-binding domain 
1,RecA protein- C-terminal domain 
1,RecG wedge domain 
3,Receiver domain of the ethylene receptor 
1,Regulatory protein AraC 
1,Regulatory subunit H of the V-type ATPase 
1,Renal dipeptidase 
3,Retinoblastoma tumor suppressor domains 
2,Reverse transcriptase 
3,Rhamnogalacturonan acetylesterase 
5,Rhamnogalacturonase B- RhgB- middle domain 
4,Ribokinase-like 
5,Ribonuclease PH domain 1-like 
5,Ribonuclease PH domain 2-like 
1,Ribonuclease Rh-like 
2,Ribosomal protein L1 
2,Ribosomal protein L10-like 
1,Ribosomal protein L19 (L19e) 
1,Ribosomal protein L20 
1,Ribosomal protein L29 (L29p) 
2,Ribosomal protein L30p/L7e 
1,Ribosomal protein L31e 
1,Ribosomal protein L32e 
1,Ribosomal protein L33p 
1,Ribosomal protein L35ae 
1,Ribosomal protein L35p 
1,Ribosomal protein L37e 
2,Ribosomal protein L39e 
1,Ribosomal protein L40e 
1,Ribosomal protein L5 
1,Ribosomal protein L7/12- C-terminal domain 
1,Ribosomal protein L7/12- oligomerisation (N-terminal) domain 
1,Ribosomal protein S15 
1,Ribosomal protein S16 
1,Ribosomal protein S19 
1,Ribosomal protein S24e 
3,Ribosomal protein S27e 
1,Ribosomal protein S4 (bacteria) 
2,Ribosomal proteins L15p and L18e 
1,Ribosome-binding factor A- RbfA 
4,Ring hydroxylating alpha subunit ISP domain 
1,Rio2 serine protein kinase N-terminal domain 
30,RoRNP C-terminal domain-like 
3,Roadblock/LC7 domain 
1,RpiR-like 
1,RpoE2-like 
1,Rps17e-like 
1,Rps19E-like 
1,RuBisCo- large subunit- C-terminal domain 
1,Rv2717c-like 
1,Rv2844-like 
3,Rv3472-like 
1,SAICAR synthase 
3,SAV4671-like 
2,SEA domain 
9,SIAH- seven in absentia homolog 
1,SLD5 C-terminal domain-like 
1,SLD5 N-terminal domain-like 
2,SMAD4-binding domain of oncoprotein Ski 
1,SMI1/KNR4-like 
3,SO0125-like 
1,SP1160 C-terminal domain-like 
1,SPO1678-like 
4,SWIRM domain 
2,Salicylic acid carboxyl methyltransferase (SAMT) 
1,Satiety factor CART (cocaine and amphetamine regulated transcript) 
3,Sbal0622-like 
3,Sec63 N-terminal domain 
3,Sedlin (SEDL) 
1,SerA intervening domain-like 
18,Serine proteinase inhibitor lekti 
2,Serum albumin-like 
15,Serum paraoxonase/arylesterase 1- PON1 
2,Seryl-tRNA synthetase (SerRS) 
4,Short-chain ferredoxins 
1,Siah interacting protein N terminal domain-like 
1,Sigma3 domain 
1,Signal peptide-binding domain 
1,Single-strand selective monofunctional uracil-DNA glycosylase SMUG1 
1,Skp1 dimerisation domain-like 
1,Smac/diablo 
4,Smc hinge domain 
1,Smu440-like 
3,SnoaL-like polyketide cyclase 
2,Spider toxins 
1,Spo0A 
19,Sporulation response regulatory protein Spo0B 
1,Squalene synthase 
3,Ssp2 C-terminal domain-like 
3,Starch-binding domain 
7,Steroid-binding domain 
3,Sterol carrier protein- SCP 
1,Substrate-binding domain of HMG-CoA reductase 
1,Subtilase propeptides/inhibitors 
1,Subunit X (non-heme 7 kDa protein) of cytochrome bc1 complex (Ubiquinol-cytochrome c reductase) 
1,Subunit XI (6.4 kDa protein) of cytochrome bc1 complex (Ubiquinol-cytochrome c reductase) 
1,Succinate dehydrogenase/fumarate reductase flavoprotein C-terminal domain 
1,Succinate dehydrogenase/fumarate reductase flavoprotein- catalytic domain 
1,Swapped Polo-box domain 
1,Synapsin domain 
3,Synatpobrevin N-terminal domain 
11,T-box 
1,T7 RNA polymerase 
1,TAF(II)230 TBP-binding fragment 
1,TENA/THI-4 
1,TFB5-like 
1,TFIIH domain 
3,TGS domain 
8,THAP domain 
2,THUMP domain 
2,TIM44-like 
4,TK-like PP module 
3,TK-like Pyr module 
11,TM0894-like 
1,TM1012-like 
15,TNF receptor-like 
23,TNF-like 
1,TRADD- N-terminal domain 
1,TROVE domain-like 
1,TTHA0227-like 
1,TTHA0727-like 
1,TTHA0967-like 
42,TTHA1544-like 
1,Tail specific protease- catalytic domain 
3,TatD Mg-dependent DNase-like 
2,TauD/TfdA-like 
1,Tetracyclin repressor-like- C-terminal domain 
3,Tetrahydrodipicolinate-N-succinlytransferase- THDP-succinlytransferase- DapD 
45,Tetramerization domain of potassium channels 
4,Tex HhH-containing domain-like 
1,The central core domain of TFIIE beta 
1,The homologous-pairing domain of Rad52 recombinase 
2,Thermolysin-like 
1,ThiS 
64,Thioesterase domain of polypeptide- polyketide and fatty acid synthases 
7,Thiolase-related 
1,Thioredoxin-like 2Fe-2S ferredoxin 
1,ThuA-like 
11,Tissue inhibitor of metalloproteinases- TIMP 
1,Topoisomerase V repeat domain 
3,Topoisomerase VI-B subunit middle domain 
2,Transcription factor IIA (TFIIA)- alpha-helical domain 
2,Transcription factor IIA (TFIIA)- beta-barrel domain 
1,Transcription factor grauzone Cg33133-Pa- zinc finger associated domain 
1,Transcriptional coactivator PC4 C-terminal domain 
4,Transcriptional repressor Rex- C-terminal domain 
2,Transferrin 
5,Transferrin receptor-like dimerisation domain 
7,Transglutaminase N-terminal domain 
3,Transketolase C-terminal domain-like 
2,Translation initiation factor eIF4e 
2,Translationally controlled tumor protein TCTP (histamine-releasing factor) 
2,Trehalose-6-phosphate synthase- OtsA 
1,Trm112p-like 
1,TrmE connector domain 
1,TrmE formyl-THF-binding domain 
7,Tryptophan synthase beta subunit-like PLP-dependent enzymes 
1,Tubulin chaperone cofactor A 
1,Type I dockerin domain 
1,Type I restriction modification DNA specificity domain 
17,Type II DNA methylase 
2,Type II Proline 3-hydroxylase (proline oxidase) 
1,Tyrosyl-DNA phosphodiesterase TDP1 
1,Tyrosyl-tRNA synthetase (TyrRS)- C-terminal domain 
1,UDP-glucose/GDP-mannose dehydrogenase dimerisation domain 
1,USP8 interacting domain 
1,Ubiquinol-cytochrome c reductase 8 kDa protein 
1,Ubiquinone-binding protein QP-C of cytochrome bc1 complex (Ubiquinol-cytochrome c reductase) 
7,Ubiquitin activating enzymes (UBA) 
7,Ubiquitin thiolesterase protein OTUB2 (Otubain-2) 
1,Undecaprenyl diphosphate synthase 
1,Uracil-DNA glycosylase 
3,Uridine diphospho-N-Acetylenolpyruvylglucosamine reductase (MurB)- N-terminal domain 
1,Urocanase 
5,Uteroglobin-like 
1,UxuA-like 
1,V-type ATP synthase subunit C 
1,V-type ATPase subunit E 
1,VHL 
1,VPS23 C-terminal domain 
1,VPS28 C-terminal domain-like 
1,VPS28 N-terminal domain 
1,Vacuolar ATP synthase subunit C 
1,Valyl-tRNA synthetase (ValRS) C-terminal domain 
1,Vanabin-like 
1,Variant SAM domain 
26,Viral proteases 
5,WrbA-like 
2,XPC-binding domain 
1,XRCC4- N-terminal domain 
1,Xylose isomerase 
1,YaeB-like 
1,YbcJ-like 
1,YbeA-like 
1,YbiU-like 
1,YbjQ-like 
1,YdhG-like 
1,YebC-like 
3,YicI N-terminal domain-like 
7,YicI catalytic domain-like 
1,YigZ N-terminal domain-like 
1,YiiX-like 
1,YjeF N-terminal domain-like 
1,YjjX-like 
1,YlxM/p13-like 
1,YrdC-like 
1,YxiM N-terminal domain-like 
3,YybH-like 
2,Z-DNA binding domain 
1,Zinc finger domain of DNA polymerase-alpha 
12,Zn metallo-beta-lactamase 
1,alpha-1-3-galactosyltransferase-like 
4,alpha-Amylases- C-terminal beta-sheet domain 
1,alpha-D-glucuronidase/Hyaluronidase catalytic domain 
19,alpha-ketoacid dehydrogenase kinase- C-terminal domain 
1,apo-D-alanyl carrier protein 
2,beta-Galactosidase/glucuronidase domain 
2,beta-Galactosidase/glucuronidase- N-terminal domain 
3,beta-N-acetylhexosaminidase catalytic domain 
1,beta-catenin-interacting protein ICAT 
13,beta-glycanases 
1,eIF-2-alpha- C-terminal domain 
1,eIF2alpha middle domain-like 
2,eIF5a N-terminal domain-like 
5,glucose-1-phosphate thymidylyltransferase 
1,mRNA decapping enzyme DcpS N-terminal domain 
15,mRNA decapping enzyme-like 
5,mannose-1-phosphate guanylyl transferase 
3,oligoketide cyclase/dehydrase-like 
2,p25-alpha 
1,tRNA splicing product Appr>p cyclic nucleotide phosphodiesterase 
2,tRNA-intron endonuclease catalytic domain-like 
