count,superfamily
287,Family A G protein-coupled receptor-like 
156,KRAB domain (Kruppel-associated box) 
467,beta-beta-alpha zinc fingers 
430,Protein kinase-like (PK-like) 
62,CHY zinc finger-like 
132,RNI-like 
122,Outer arm dynein light chain 1 
135,Ankyrin repeat 
133,Pseudo ankyrin repeat-like 
138,L domain-like 
326,PH domain-like 
666,P-loop containing nucleoside triphosphate hydrolases 
7,Acid proteases 
179,EGFLaminin 
36,Metal cation-transporting ATPase- ATP-binding domain N 
28,Calcium ATPase- transmembrane domain M 
46,Nuclear receptor ligand-binding domain 
135,Rubredoxin-like 
70,Calponin-homology domain- CH-domain 
20,Retrovirus zinc finger-like domains 
35,Calcium ATPase- transduction domain A 
40,Bromodomain 
1,ACT-like 
33,Plexin repeat 
181,NAD(P)-binding Rossmann-fold domains 
194,Winged helix DNA-binding domain 
177,ARM repeat 
24,Sema domain 
85,(Phosphotyrosine protein) phosphatases II 
158,Glucocorticoid receptor-like (DNA-binding domain) 
162,SH3-domain 
1,Cysteine-rich DNA binding domain- (DM domain) 
16,TBP-interacting protein-like 
49,Cytochrome P450 
32,Prokaryotic type KH domain (KH-domain type II) 
73,Nucleotide-binding domain 
28,DNase I-like 
43,B-box zinc-binding domain 
39,Eukaryotic type KH-domain (KH-domain type I) 
15,Multiheme cytochromes 
70,Metalloproteases (zincins)- catalytic domain 
70,Nucleic acid-binding proteins 
6,Defensin-like 
85,SH2 domain 
38,F-box domain 
21,ClpPcrotonase 
70,HAD-like 
17,Blood coagulation inhibitor (disintegrin) 
23,Snake toxin-like 
35,Periplasmic binding protein-like I 
35,lambda repressor-like DNA-binding domains 
7,Nuclear receptor coactivator interlocking domain 
194,EF-hand 
10,Cullin homology domain 
1,LysM domain 
86,Zinc beta-ribbon 
188,RNA-binding domain- RBD 
20,PGBD-like 
15,ARID-like 
15,Acyl-CoA dehydrogenase C-terminal domain-like 
15,Acyl-CoA dehydrogenase NM domain-like 
15,L30e-like 
15,Translation proteins SH3-like domain 
39,Nicotinic receptor ligand binding domain-like 
95,Voltage-gated potassium channels 
23,UDP-Glycosyltransferaseglycogen phosphorylase 
16,Transducin (alpha subunit)- insertion domain 
5,A heparin-binding domain 
5,Amyloid beta a4 protein copper binding domain (domain 2) 
5,CAPPD- an extracellular domain of amyloid beta A4 protein 
21,Integrin domains 
27,Metallo-dependent phosphatases 
41,4-helical cytokines 
130,S-adenosyl-L-methionine-dependent methyltransferases 
16,Myosin S1 fragment- N-terminal domain 
17,Hormone receptor domain 
29,Spectrin repeat 
27,YptRab-GAP domain of gyp1p 
23,BRCT domain 
141,Ubiquitin-like 
18,Nucleotide cyclase 
39,Neurotransmitter-gated ion-channel transmembrane pore 
18,CBS-domain pair 
5,5 to 3 exonuclease- C-terminal subdomain 
49,Cystine-knot cytokines 
19,Actin depolymerizing proteins 
19,NAD(P)-linked oxidoreductase 
19,Tubulin C-terminal domain-like 
126,Calcium-dependent phosphotriesterase 
20,Alkaline phosphatase-like 
15,DHS-like NADFAD-binding domain 
6,TSP type-3 repeat 
6,UDP-glucoseGDP-mannose dehydrogenase C-terminal domain 
45,HMG-box 
10,Cap-Gly domain 
10,GAT-like domain 
22,HD-domainPDEase-like 
29,Serpins 
70,Cysteine-rich domain 
11,Formateglycerate dehydrogenase catalytic domain-like 
11,R3H domain 
16,Prefoldin 
3,Multidrug efflux transporter AcrB transmembrane domain 
23,Cytokine 
31,Regulator of G-protein signaling- RGS 
3,FAT domain of focal adhesion kinase 
40,MurCD N-terminal domain 
40,Second domain of FERM 
24,ENTHVHS domain 
17,ALDH-like 
17,Frizzled cysteine-rich domain 
17,SNF-like 
32,N-terminal nucleophile aminohydrolases (Ntn hydrolases) 
7,S15NS1 RNA-binding domain 
139,DPP6 N-terminal domain-like 
200,Putative isomerase YbhE 
122,NHL repeat 
64,BARIMD domain-like 
7,Phospholipase Dnuclease 
7,Terpenoid cyclasesProtein prenyltransferases 
259,RINGU-box 
25,Fibrinogen C-terminal domain-like 
1,LexASignal peptidase 
18,Hemopexin-like domain 
18,Integrin alpha N-terminal domain 
131,Fibronectin type III 
12,GroEL-intermediate domain like 
13,Ricin B-like lectins 
35,p53-like transcription factors 
7,14-3-3 protein 
7,C-terminal- gelsolin-like domain of Sec2324 
7,DUSP-like 
7,Integrin beta tail domain 
7,Plakin repeat 
7,Proton glutamate symport protein 
7,STAT 
7,Tetraspanin 
4,Doublecortin (DC) 
4,SGNH hydrolase 
13,Caspase-like 
20,Ran binding protein zinc finger-like 
38,Growth factor receptor domain 
4,CO dehydrogenase ISP C-domain like 
4,Crisp domain-like 
4,L9 N-domain-like 
4,Methionyl-tRNA synthetase (MetRS)- Zn-domain 
4,Peripheral subunit-binding domain of 2-oxo acid dehydrogenase complex 
29,FnI-like domain 
93,FADNAD(P)-binding domain 
8,HSP40DnaJ peptide-binding domain 
8,ILWEQ domain 
8,Inosine monophosphate dehydrogenase (IMPDH) 
8,Transcription factor STAT-4 N-domain 
8,Wiscott-Aldrich syndrome protein- WASP- C-terminal domain 
21,Aldolase 
40,SET domain 
14,GroEL apical domain-like 
14,Ribulose-phoshate binding barrel 
14,Six-hairpin glycosidases 
41,SMADFHA domain 
34,Retrovirus capsid dimerization domain-like 
10,NAP-like 
25,Acyl-CoA N-acyltransferases (Nat) 
9,Clc chloride channel 
9,E2F-DP heterodimerization region 
9,HMA- heavy metal-associated domain 
9,MIR domain 
9,alpha-cateninvinculin-like 
32,GST C-terminal domain-like 
218,YVTN repeat-likeQuinoprotein amine dehydrogenase 
15,Acid phosphataseVanadium-dependent haloperoxidase 
15,PUA domain-like 
27,TSP-1 type 1 repeat 
212,Homeodomain-like 
9,Apolipoprotein 
9,Heat shock protein 70kD (HSP70)- peptide-binding domain 
9,Radical SAM enzymes 
2,TATA-box binding protein-like 
16,CAD & PB1 domains 
16,FKBP-like 
16,RUN domain-like 
93,TolB- C-terminal domain 
6,Conserved domain common to transcription factors TFIIS- elongin A- CRSP70 
17,SRCR-like 
10,CoA-dependent acyltransferases 
17,TollInterleukin receptor TIR domain 
7,Carbonic anhydrase 
53,TudorPWWPMBT 
53,UBA-like 
11,DNA-binding domain 
11,PRTase-like 
11,PsbUPolX domain-like 
11,Single hybrid motif 
11,Supernatant protein factor (SPF)- C-terminal domain 
23,Microbial and mitochondrial ADK- insert zinc finger domain 
19,Periplasmic binding protein-like II 
19,Sm-like ribonucleoproteins 
41,PLP-dependent transferases 
187,C-terminal (heme d1) domain of cytochrome cd1-nitrite reductase 
5,Chitinase insertion domain 
5,Creatinaseprolidase N-terminal domain 
5,F1F0 ATP synthase subunit C 
5,Families 5738 glycoside transferase middle domain 
5,HRDC-like 
5,IsocitrateIsopropylmalate dehydrogenase-like 
5,Notch domain 
5,PK beta-barrel domain-like 
5,Pentapeptide repeat-like 
5,SPOC domain-like 
5,SWIBMDM2 domain 
5,Seven-hairpin glycosidases 
5,TAFH domain-like 
5,Type II DNA topoisomerase C-terminal domain-like 
11,Annexin 
11,Anticodon-binding domain of a subclass of class I aminoacyl-tRNA synthetases 
11,CRALTRIO N-terminal domain 
11,NagBRpiACoA transferase-like 
196,Tricorn protease domain 2 
20,ABC transporter transmembrane region 
20,Cystatinmonellin 
20,Tubulin nucleotide-binding domain-like 
3,HR1 repeat 
31,Chromo domain-like 
12,Arginasedeacetylase 
12,Heat shock protein 70kD (HSP70)- C-terminal subdomain 
12,PIN domain-like 
12,Sec7 domain 
32,Interleukin 8-like chemokines 
62,C-type lectin-like 
6,DNA ligasemRNA capping enzyme- catalytic domain 
6,DNA-glycosylase 
6,Helical domain of Sec2324 
6,Lipoxigenase 
6,Surp module (SWAP domain) 
6,ThiG-like 
6,Translational machinery components 
6,Zn-finger domain of Sec2324 
6,beta-sandwich domain of Sec2324 
6,post-AAA+ oligomerization domain-like 
33,Cyclin-like 
13,FMN-linked oxidoreductases 
13,GroEL equatorial domain-like 
13,Protease propeptidesinhibitors 
22,Hect- E3 ligase catalytic domain 
22,Kringle-like 
22,Nucleotidylyl transferase 
42,Histone-fold 
2,C-terminal domain of ProRS 
2,MCPYpsA-like 
2,N-terminal domain of the delta subunit of the F1F0-ATP synthase 
2,Phospholipase CP1 nuclease 
109,PDZ domain-like 
13,Transducin (heterotrimeric G protein)- gamma chain 
13,gamma-Crystallin-like 
70,Tricorn protease N-terminal domain 
14,RuvA domain 2-like 
4,CalX-like 
4,Somatomedin B domain 
135,Concanavalin A-like lectinsglucanases 
4,Ferritin-like 
4,VPS9 domain 
38,UBC-like 
25,FdhE-like 
222,WD40 repeat-like 
91,Cysteine proteinases 
15,Lipaselipooxygenase domain (PLATLH2 domain) 
7,2Fe-2S ferredoxin-like 
7,CheY-like 
7,GAF domain-like 
7,Glutamine synthetaseguanido kinase 
7,Insulin-like 
7,LuxSMPP-like metallohydrolase 
7,Pentein 
7,Restriction endonuclease-like 
7,SMAD MH1 domain 
7,Sec1munc18-like (SM) proteins 
7,Thiamin phosphate synthase 
7,Trimeric LpxA-like enzymes 
7,VHP- Villin headpiece domain 
16,RmlC-like cupins 
107,3-carboxy-cis-cis-mucoante lactonizing enzyme 
114,Nitrous oxide reductase- N-terminal domain 
8,Band 7SPFH domain 
8,Carbon-nitrogen hydrolase 
8,Creatinaseaminopeptidase 
8,KA1-like 
8,Subtilisin-like 
8,Tubby C-terminal domain-like 
26,Zn-binding ribosomal proteins 
18,A DNA-binding domain in eukaryotic transcription factors 
6,RNase A-like 
6,Interferon-induced guanylate-binding protein 1 (GBP1)- C-terminal domain 
6,Pseudouridine synthase 
6,Rhomboid-like 
32,Zn-dependent exopeptidases 
28,Vitelline membrane outer protein-I (VMO-I) 
50,DBL homology domain (DH-domain) 
19,Activating enzymes of the ubiquitin-like proteins 
2,A middle domain of Talin 1 
2,AF1104-like 
2,AMPKBI-like 
2,ASF1-like 
2,Agouti-related protein 
2,ApaG-like 
2,Arginyl-tRNA synthetase (ArgRS)- N-terminal additional domain 
2,Arp23 complex 16 kDa subunit ARPC5 
2,Arp23 complex subunits 
2,C-terminal domain of RNA polymerase alpha subunit 
2,CO dehydrogenase molybdoprotein N-domain-like 
2,Cell cycle regulatory proteins 
2,Cholecystokinin A receptor- N-domain 
2,CoA-transferase family III (CaiBBaiF) 
2,Cryptochromephotolyase FAD-binding domain 
2,Cryptochromephotolyase- N-terminal domain 
2,CtagCox11 
2,D-aminoacid aminotransferase-like PLP-dependent enzymes 
2,DHH phosphoesterases 
2,DNA repair protein MutS- domain I 
2,DNA topoisomerase IV- alpha subunit 
2,DNA-binding protein LAG-1 (CSL) 
2,Dimerization cofactor of HNF-1 alpha 
2,Double Clp-N motif 
2,EPTRTPC-like 
2,Eukaryotic RPB5 N-terminal domain 
2,Fe-only hydrogenase 
2,Fe-only hydrogenase smaller subunit 
2,FtsH protease domain-like 
2,Fumarate reductase respiratory complex transmembrane subunits 
2,GCM domain 
2,Glutamine synthetase- N-terminal domain 
2,HAND domain of the nucleosome remodeling ATPase ISWI 
2,HIV integrase-binding domain 
2,Heme oxygenase-like 
2,ITPase-like 
2,Initiation factor IF2eIF5b- domain 3 
2,Inorganic pyrophosphatase 
2,Invertebrate chitin-binding proteins 
2,Isochorismatase-like hydrolases 
2,Jann2411-like 
2,Kix domain of CBP (creb binding protein) 
2,Lipovitellin-phosvitin complex; beta-sheet shell regions 
2,Lissencephaly-1 protein (Lis-1- PAF-AH alpha) N-terminal domain 
2,MIT domain-like 
2,MTH938-like 
2,Mago nashi protein 
2,Mitochondrial cytochrome c oxidase subunit VIa 
2,Molybdenum cofactor-binding domain 
2,Neurophysin II 
2,Nop10-like SnoRNP 
2,PEP carboxykinase N-terminal domain 
2,PK C-terminal domain-like 
2,PRP4-like 
2,Preprotein translocase SecY subunit 
2,Proguanylin 
2,Prokaryotic type I DNA topoisomerase 
2,RNA 3-terminal phosphate cyclase- RPTC- insert domain 
2,Rap3074 interaction domains 
2,Ribosomal L11L12e N-terminal domain 
2,Ribosomal protein L11- C-terminal domain 
2,Ribosomal protein L22 
2,Ribosomal protein L25-like 
2,Ribosomal protein L4 
2,Ribosomal protein S2 
2,Ribosomal protein S7 
2,Rnp2-like 
2,S-adenosylmethionine synthetase 
2,Signal recognition particle alu RNA binding heterodimer- SRP914 
2,SufENifU 
2,TAZ domain 
2,Taf5 N-terminal domain-like 
2,Telomeric repeat binding factor (TRF) dimerisation domain 
2,Tetrapyrrole methylase 
2,Tex N-terminal region-like 
2,Translation initiation factor 2 beta- aIF2beta- N-terminal domain 
2,Translin 
2,Transthyretin (synonym: prealbumin) 
2,URODMetE-like 
2,Xylose isomerase-like 
2,YccV-like 
2,Zinc hairpin stack 
2,beta-N-acetylhexosaminidase-like domain 
2,eEF-1beta-like 
2,tRNA-guanine transglycosylase 
20,HSP20-like chaperones 
9,Actin-crosslinking proteins 
9,EF-TueEF-1alphaeIF2-gamma C-terminal domain 
9,Glyceraldehyde-3-phosphate dehydrogenase-like- C-terminal domain 
9,LDH C-terminal domain-like 
9,RapRan-GAP 
9,WWE domain 
9,Zn aminopeptidase N-terminal domain 
1,Anaphylotoxins (complement system) 
1,CSL zinc finger 
1,Lesion bypass DNA polymerase (Y-family)- little finger domain 
1,Purine and uridine phosphorylases 
1,The spindle assembly checkpoint protein mad2 
7,Dimerization-anchoring domain of cAMP-dependent PK regulatory subunit 
81,HLH- helix-loop-helix DNA-binding domain 
57,Actin-like ATPase domain 
21,Class II aaRS and biotin synthetases 
21,RhodaneseCell cycle control phosphatase 
21,Translation proteins 
10,Alpha-2-38-sialyltransferase CstII 
10,Clathrin adaptor appendage domain 
10,Cytochrome c 
10,Oxysterol-binding protein-like 
10,Rad51 N-terminal domain-like 
10,SAND domain-like 
10,Second domain of Mu2 adaptin subunit (ap50) of ap2 adaptor 
83,SAMPointed domain 
38,WW domain 
8,PA domain 
8,Glycosyl hydrolase domain 
11,6-phosphogluconate dehydrogenase C-terminal domain-like 
11,Class I glutamine amidotransferase-like 
11,Cytidine deaminase-like 
11,PAPOAS1 substrate-binding domain 
11,Sigma3 and sigma4 domains of RNA polymerase sigma factors 
3,ATP-dependent DNA ligase DNA-binding domain 
3,Aconitase iron-sulfur domain 
3,AcylphosphataseBLUF domain-like 
3,Amine oxidase N-terminal region 
3,Amine oxidase catalytic domain 
3,CO dehydrogenase flavoprotein C-terminal domain-like 
3,Clathrin heavy-chain terminal domain 
3,Cu-Zn superoxide dismutase-like 
3,Cysteine alpha-hairpin motif 
3,Di-copper centre-containing domain 
3,FAD-linked oxidoreductase 
3,GDNF receptor-like 
3,Homocysteine S-methyltransferase 
3,IHF-like DNA-binding proteins 
3,IP3 receptor type 1 binding core- domain 2 
3,LeuDIlvD-like 
3,MOSC N-terminal domain-like 
3,Mediator hinge subcomplex-like 
3,N-(deoxy)ribosyltransferase-like 
3,N-acetylmuramoyl-L-alanine amidase-like 
3,N-terminal domain of adenylylcyclase associated protein- CAP 
3,N-terminal domain of alpha and beta subunits of F1 ATP synthase 
3,N-terminal domain of cbl (N-cbl) 
3,Nucleoporin domain 
3,PAPArchaeal CCA-adding enzyme- C-terminal domain 
3,PUG domain-like 
3,Phenylalanine zipper 
3,PriAYqbF domain 
3,Probable bacterial effector-binding domain 
3,Proteasome activator 
3,RNase III domain-like 
3,Ribosomal protein L13 
3,Ribosomal protein L16pL10e 
3,Ribosomal protein S10 
3,Ribosomal protein S18 
3,RuBisCo LSMT C-terminal- substrate-binding domain 
3,USP8 N-terminal domain-like 
3,Uracil-DNA glycosylase-like 
3,WGR domain-like 
3,alpha-helical ferredoxin 
3,dUTPase-like 
3,p53 tetramerization domain 
25,PYP-like sensor domain (PAS domain) 
9,Metallothionein 
22,LDL receptor-like module 
22,SOCS box-like 
12,BPTI-like 
12,Bcl-2 inhibitors of programmed cell death 
12,Class II aaRS ABD-related 
12,Thiamin diphosphate-binding fold (THDP-binding) 
12,Cytochrome b5-like hemesteroid binding domain 
12,Thyroglobulin type-1 domain 
2,C-terminal effector domain of the bipartite response regulators 
2,FAH 
2,Mibherc2 domain-like 
2,Phosphotyrosine protein phosphatases I 
2,omega toxin-like 
13,NAD kinasediacylglycerol kinase-like 
13,PEP carboxykinase-like 
13,SAICAR synthase-like 
30,YWTD domain 
4,AraDHMP-PK domain-like 
4,BAG domain 
4,Cobalamin (vitamin B12)-binding domain 
4,Connexin43 
4,DNA repair protein MutS- domain II 
4,Domain of poly(ADP-ribose) polymerase 
4,FAS1 domain 
4,GINS helical bundle-like 
4,HIN-2000 domain-like 
4,L-aspartase-like 
4,MW0975(SA0943)-like 
4,PapD-like 
4,PurM C-terminal domain-like 
4,PurM N-terminal domain-like 
4,Ribosomal proteins S24e- L23 and L15e 
4,SIS domain 
4,Scorpion toxin-like 
4,Small-conductance potassium channel 
4,Succinyl-CoA synthetase domains 
4,Zinc-binding domain of translation initiation factor 2 beta 
4,eIF1-like 
118,POZ domain 
14,AN1-like Zinc finger 
14,FAD-linked reductases- C-terminal domain 
84,Protein prenylyltransferase 
15,RCC1BLIP-II 
60,GTPase activation domain- GAP 
59,ImpE-like 
16,GroES-like 
16,Nucleotidyltransferase 
16,TRAF domain-like 
16,t-snare proteins 
4,Amidase signature (AS) enzymes 
4,Ammonium transporter 
4,DNA polymerase beta- N-terminal domain-like 
4,Enolase N-terminal domain-like 
4,FAD-linked oxidases- C-terminal domain 
4,GRIP domain 
4,PABC (PABP) domain 
4,PLP-binding barrel 
4,Peptidylarginine deiminase Pad4- middle domain 
4,Release factor 
4,S13-like H2TH domain 
4,SRF-like 
4,Triosephosphate isomerase (TIM) 
4,alpha-ketoacid dehydrogenase kinase- N-terminal domain 
17,Ferredoxin reductase-like- C-terminal NADP-linked domain 
3,Hairpin loop containing domain-like 
3,LEM domain 
3,Mob1phocein 
5,ACP-like 
5,DNA repair protein MutS- domain III 
5,FAD-bindingtransporter-associated domain-like 
5,FMT C-terminal domain-like 
5,Sialidases 
5,Terpenoid synthases 
5,Tim10-like 
5,YfgJ-like 
5,alphabeta knot 
75,E set domains 
20,SNARE-like 
20,SAP domain 
21,dsRNA-binding domain-like 
4,Elongation factor TFIIS domain 2 
4,HSP90 C-terminal domain 
132,TPR-like 
6,BTG domain-like 
6,FADNAD-linked reductases- dimerisation (C-terminal) domain 
6,GHMP Kinase- C-terminal domain 
6,Rudiment single hybrid motif 
6,Stathmin 
6,TB module8-cys domain 
6,ValRSIleRSLeuRS editing domain 
21,Glutathione synthetase ATP-binding domain-like 
6,DnaJHsp40 cysteine-rich domain 
6,Enolase C-terminal domain-like 
6,Glycoside hydrolasedeacetylase 
6,His-Me finger endonucleases 
6,Hook domain 
6,Inhibitor of apoptosis (IAP) repeat 
6,Saposin 
5,Bactericidal permeability-increasing protein- BPI 
5,Cation efflux protein transmembrane domain-like 
5,Trefoil 
7,PAZ domain 
7,Ribokinase-like 
7,ThrRSAlaRS common domain 
7,Transglutaminase- two C-terminal domains 
6,Carboxypeptidase regulatory domain-like 
8,BAH domain 
8,Phoshotransferaseanion transport protein 
67,Cadherin-like 
8,Heme-dependent peroxidases 
7,Elafin-like 
9,4Fe-4S ferredoxins 
9,Cullin repeat-like 
8,Starch-binding domain-like 
10,Calpain large subunit- middle domain (domain III) 
10,L27 domain 
10,Soluble quinoprotein glucose dehydrogenase 
10,Thiolase-like 
38,HCP-like 
41,(Trans)glycosidases 
10,FabDlysophospholipase-like 
48,Ribonuclease H-like 
12,MIT domain 
12,Phosphoglycerate mutase-like 
47,Kelch motif 
13,DNARNA polymerases 
13,NTF2-like 
12,PP2C-like 
55,Galactose-binding domain-like 
14,Peptidaseesterase gauge domain 
15,ADP-ribosylation 
15,Adenine nucleotide alpha hydrolases-like 
59,DEATH domain 
14,Metallo-dependent hydrolases 
14,TIMP-like 
16,Nudix 
19,Ras GEF 
80,MFS general substrate transporter 
21,ArfGapRecO-like zinc finger 
25,cAMP-binding domain-like 
27,Clavaminate synthase-like 
27,Spermadhesin- CUB domain 
27,Ribosomal protein S5 domain 2-like 
26,MHC antigen-recognition domain 
31,CCCH zinc finger 
33,PX domain 
35,Complement control moduleSCR domain 
52,Nucleotide-diphospho-sugar transferases 
59,vWA-like 
71,Trypsin-like serine proteases 
316,Immunoglobulin 
78,Galactose oxidase- central domain 
88,alphabeta-Hydrolases 
89,Thioredoxin-like 
1,14 kDa protein of cytochrome bc1 complex (Ubiquinol-cytochrome c reductase) 
1,2-3-Bisphosphoglycerate-independent phosphoglycerate mutase- substrate-binding domain 
1,4-phosphopantetheinyl transferase 
1,5-nucleotidase (syn. UDP-sugar hydrolase)- C-terminal domain 
2,ADC-like 
1,ADP-ribosylglycohydrolase 
1,AFP III-like domain 
1,AMMECR1-like 
1,ATP synthase (F1-ATPase)- gamma subunit 
1,ATP synthase B chain-like 
1,ATP synthase D chain-like 
1,ATP12-like 
21,ATPase domain of HSP90 chaperoneDNA topoisomerase IIhistidine kinase 
3,AXH domain 
17,Acetyl-CoA synthetase-like 
1,Activator of Hsp90 ATPase- Aha1 
6,Acyl-CoA binding protein 
1,AhpD-like 
2,Alanine racemase C-terminal domain-like 
1,AlbA-like 
2,Alpha-L RNA-binding motif 
1,Alpha-hemoglobin stabilizing protein AHSP 
7,Aminoacid dehydrogenase-like- N-terminal domain 
3,Aminomethyltransferase beta-barrel domain 
1,Aminopeptidaseglucanase lid domain 
1,Anti-sigma factor AsiA 
1,Anticodon-binding domain of PheRS 
1,Apolipophorin-III 
1,Apyrase 
10,Aquaporin-like 
1,Argininosuccinate synthetase- C-terminal domain 
1,Aromatic compound dioxygenase 
1,Arp23 complex 21 kDa subunit ARPC3 
1,Aspartate carbamoyltransferase- Regulatory-chain- C-terminal domain 
1,Aspartateglutamate racemase 
3,Aspartateornithine carbamoyltransferase 
1,AtpF-like 
1,BB1717-like 
5,BEACH domain 
1,BRCA2 helical domain 
1,BRCA2 tower domain 
3,BRK domain-like 
1,BSD domain-like 
1,Bacterial luciferase-like 
1,Barrier-to-autointegration factor- BAF 
15,Bet v1-like 
1,BolA-like 
1,C-terminal autoproteolytic domain of nucleoporin nup98 
1,C-terminal domain of DFF45ICAD (DFF-C domain) 
1,C-terminal domain of Ku80 
3,C-terminal domain of adenylylcyclase associated protein 
3,C-terminal domain of alpha and beta subunits of F1 ATP synthase 
1,C-terminal domain of transcriptional repressors 
106,C2 domain (Calciumlipid-binding domain- CaLB) 
4,CCHHC domain 
19,CRALTRIO domain 
1,CYTH-like phosphatases 
1,Calcyclin-binding protein-like 
1,Carbamate kinase-like 
1,Carbamoyl phosphate synthetase- large subunit connection domain 
1,Carbamoyl phosphate synthetase- small subunit N-terminal domain 
5,Carbohydrate phosphatase 
1,Casein kinase II beta subunit 
3,Cation efflux protein cytoplasmic domain-like 
2,Cdc48 domain 2-like 
1,Cgl1923-like 
30,Chaperone J-domain 
1,Chelatase 
1,Chondroitin ACalginate lyase 
1,Citrate synthase 
1,Class II MHC-associated invariant chain ectoplasmic trimerization domain 
2,ClpS-like 
5,Cna protein B-type domain 
1,CoaB-like 
1,Cobalamin (vitamin B12)-dependent enzymes 
1,Colicin E immunity proteins 
2,Colipase-like 
6,Composite domain of metallo-dependent hydrolases 
1,Coproporphyrinogen III oxidase 
1,Core binding factor beta- CBF 
13,Cupredoxins 
1,CutC-like 
13,Cyclophilin-like 
1,Cytochrome c oxidase subunit E 
1,Cytochrome c oxidase subunit II-like- transmembrane region 
1,Cytochrome c oxidase subunit h 
1,Cytochrome c1 subunit of cytochrome bc1 complex (Ubiquinol-cytochrome c reductase)- transmembrane anchor 
1,D-ribose-5-phosphate isomerase (RpiA)- lid domain 
1,DAK1DegV-like 
3,DEK C-terminal domain 
3,DLC 
3,DNA clamp 
1,DNA damage-inducible protein DinI 
1,DNA methylase specificity domain 
1,DNA mismatch repair protein MutL 
1,DNA primase core 
1,DTD-like 
1,Dehydroquinate synthase-like 
1,DhaL-like 
3,Diaminopimelate epimerase-like 
1,Dihydrofolate reductase-like 
1,Dihydropteroate synthetase-like 
5,Dimeric alpha+beta barrel 
1,Dimerisation domain of CENP-B 
1,Dipeptidyl peptidase I (cathepsin C)- exclusion domain 
1,Dom34Pelota N-terminal domain-like 
1,Domain from hypothetical 2610208m17rik protein 
1,Domain of the SRPSRP receptor G-proteins 
1,Double-stranded DNA-binding domain 
1,Duplicated hybrid motif 
1,Dystroglycan- domain 2 
3,EB1 dimerisation domain-like 
4,EF-G C-terminal domain-like 
1,ENT-like 
1,ERH-like 
1,ERO1-like 
1,ERP29 C domain-like 
1,Elongation factor Ts (EF-Ts)- dimerisation domain 
1,EndoU-like 
2,Endosomal sorting complex assembly domain 
1,Epsilon subunit of F1F0-ATP synthase C-terminal domain 
1,Epsilon subunit of F1F0-ATP synthase N-terminal domain 
1,Epsilon subunit of mitochondrial F1F0-ATP synthase 
1,Expressed protein At2g23090F21P24.15 
1,FAD-dependent thiol oxidase 
3,FF domain 
1,FGAM synthase PurL- linker domain 
1,FKBP12-rapamycin-binding domain of FKBP-rapamycin-associated protein (FRAP) 
1,FMN-binding split barrel 
201,FYVEPHD zinc finger 
1,Family 10 polysaccharide lyase 
1,Fe-Mn superoxide dismutase (SOD)- C-terminal domain 
1,Fe-Mn superoxide dismutase (SOD)- N-terminal domain 
2,Fe-S cluster assembly (FSCA) domain-like 
11,Flavoproteins 
1,FliG 
4,Folate-binding domain 
1,Formate dehydrogenaseDMSO reductase- domains 1-3 
1,Formiminotransferase domain of formiminotransferase-cyclodeaminase. 
11,Formin homology 2 domain (FH2 domain) 
2,Formyltransferase 
1,FrataxinNqo15-like 
1,Fumarylacetoacetate hydrolase- FAH- N-terminal domain 
1,Functional domain of the splicing factor Prp18 
1,GAD domain-like 
4,GAS2 domain-like 
2,GFP-like 
9,GLA-domain 
1,GMP synthetase C-terminal dimerisation domain 
2,GTF2I-like repeat 
1,GTP cyclohydrolase I feedback regulatory protein- GFRP 
2,GYF domain 
8,Galactose mutarotase-like 
2,Gamma-glutamyl cyclotransferase-like 
1,Ganglioside M2 (gm2) activator 
1,GatBYqeY motif 
1,GlnB-like 
7,Glycerol-3-phosphate (1)-acyltransferase 
3,Glycolipid transfer protein- GLTP 
7,GlyoxalaseBleomycin resistance proteinDihydroxybiphenyl dioxygenase 
2,Granulin repeat 
3,Guanido kinase N-terminal domain 
1,GyrAParC C-terminal domain-like 
1,HBS1-like domain 
7,HIT-like 
19,HITMYND zinc finger-like 
1,Head domain of nucleotide exchange factor GrpE 
2,HedgehogDD-peptidase 
3,Hedgehogintein (Hint) domain 
1,HemD-like 
1,Heme-dependent catalase-like 
1,Heparin-binding domain from vascular endothelial growth factor 
1,HesB-like domain 
3,HlyD-like secretion proteins 
1,Homodimeric domain of signal transducing histidine kinase 
1,Hsp90 co-chaperone CDC37 
1,HupFHypC-like 
1,HydANqo6-like 
1,HydBNqo4-like 
1,Hypothetical protein PH1602 
1,Hypothetical protein SAV1430 
1,Hypothetical protein YwqG 
2,Hypothetical protein c14orf129- hspc210 
4,ISP domain 
1,ISP transmembrane anchor 
2,Indolic compounds 2-3-dioxygenase-like 
1,Insert subdomain of RNA polymerase alpha subunit 
1,Invasinintimin cell-adhesion fragments 
1,IpaD-like 
4,JAB1MPN domain 
26,Kazal-type serine protease inhibitors 
1,KorB DNA-binding domain-like 
1,L35p-like 
1,LCCL domain 
3,Lamin AC globular tail domain 
2,LanC-like 
3,LigT-like 
6,Ligand-binding domain in the NO signalling and Golgi transport 
1,Lipase chaperone-like 
24,Lipocalins 
2,Lipovitellin-phosvitin complex- superhelical domain 
1,LmbE-like 
3,Lysozyme-like 
1,MAL13P1.257-like 
4,MAPEG domain-like 
3,MAST3 pre-PK domain-like 
8,Macro domain-like 
4,Mannose 6-phosphate receptor domain 
2,Mannose-6-phosphate receptor binding protein 1 (Tip47)- C-terminal domain 
1,Mannose-binding lectins 
15,Metallo-hydrolaseoxidoreductase 
1,Methenyltetrahydrofolate cyclohydrolase-like 
1,Methionine synthase activation domain-like 
1,Methionine synthase domain 
1,Methylated DNA-protein cysteine methyltransferase domain 
1,Methylated DNA-protein cysteine methyltransferase- C-terminal domain 
1,Methylglyoxal synthase-like 
1,MgtE membrane domain-like 
1,Midkine 
1,Mini-collagen I- C-terminal domain 
1,Mitochondrial ATP synthase coupling factor 6 
31,Mitochondrial carrier 
1,Mitochondrial cytochrome c oxidase subunit IV 
1,Mitochondrial cytochrome c oxidase subunit VIIIb (aka IX) 
3,Mitochondrial cytochrome c oxidase subunit VIIa 
1,Mitochondrial cytochrome c oxidase subunit VIIb 
1,Mitochondrial cytochrome c oxidase subunit VIIc (aka VIIIa) 
1,Mitochondrial cytochrome c oxidase subunit VIc 
1,Mitochondrial glycoprotein MAM33-like 
1,Mitochondrial import receptor subunit Tom20 
5,MoaDThiS 
1,MoeA C-terminal domain-like 
1,MoeA N-terminal region -like 
3,Moesin tail domain 
1,Molybdenum cofactor biosynthesis protein C- MoaC 
3,Molybdenum cofactor biosynthesis proteins 
5,Mss4-like 
1,MukF C-terminal domain-like 
1,MurD-like peptide ligases- catalytic domain 
2,MurD-like peptide ligases- peptide-binding domain 
2,Myosin phosphatase inhibitor 17kDa protein- CPI-17 
2,N-terminal domain of MutM-like DNA repair proteins 
1,N-terminal domain of eukaryotic peptide chain release factor subunit 1- ERF1 
2,N-terminal- heterodimerisation domain of RBP7 (RpoE) 
1,N5-CAIR mutase (phosphoribosylaminoimidazole carboxylase- PurE) 
1,NAD-binding domain of HMG-CoA reductase 
1,NIF3 (NGG1p interacting factor 3)-like 
1,NOB1 zinc finger-like 
1,NRDP1 C-terminal domain-like 
3,NSFL1 (p97 ATPase) cofactor p47- SEP domain 
4,NicotinateQuinolinate PRTase C-terminal domain-like 
2,NicotinateQuinolinate PRTase N-terminal domain-like 
1,Non-globular alpha+beta subunits of globular proteins 
1,Non-heme 11 kDa protein of cytochrome bc1 complex (Ubiquinol-cytochrome c reductase) 
2,Nop domain 
1,NosLMerB-like 
1,Nqo1 FMN-binding domain-like 
1,Nqo1 middle domain-like 
1,Nqo1C-terminal domain-like 
1,Nqo5-like 
2,Nucleoplasmin-like core domain 
7,Nucleoside diphosphate kinase- NDK 
1,Nucleoside phosphorylasephosphoribosyltransferase N-terminal domain 
1,Nucleoside phosphorylasephosphoribosyltransferase catalytic domain 
1,Nucleotidyltransferase substrate binding subunitdomain 
1,Obg GTP-binding protein N-terminal domain 
2,Oligoxyloglucan reducing end-specific cellobiohydrolase 
2,Oncogene products 
7,Orange domain-like 
1,Outer membrane efflux proteins (OEP) 
1,Oxidoreductase molybdopterin-binding domain 
3,P-domain of calnexincalreticulin 
1,P40 nucleoprotein 
3,PAH2 domain 
1,PCD-like 
1,PEBP-like 
1,PF0523-like 
1,PFL-like glycyl radical enzymes 
2,PHMPNGase F 
2,PHP domain-like 
4,PKD domain 
15,PLC-like phosphodiesterases 
2,PMP inhibitors 
6,PR-1-like 
2,PRC-barrel domain 
1,PTPA-like 
1,PTS-regulatory domain- PRD 
3,PWI domain 
1,ParBSulfiredoxin 
3,Pectin lyase-like 
1,Peptide methionine sulfoxide reductase 
1,Peptidyl-tRNA hydrolase II 
3,Peptidyl-tRNA hydrolase domain-like 
1,Periplasmic chaperone C-domain 
1,PheTTilS domain 
2,Phosphoenolpyruvatepyruvate domain 
3,Phosphofructokinase 
3,Phosphoglucomutase- C-terminal domain 
3,Phosphoglucomutase- first 3 domains 
1,Phosphoglycerate kinase 
8,Phospholipase A2- PLA2 
1,PilZ domain-like 
1,Plant lectinsantimicrobial peptides 
1,Plus3-like 
4,Polo-box domain 
1,Poly A polymerase C-terminal region-like 
1,Porphobilinogen deaminase (hydroxymethylbilane synthase)- C-terminal domain 
1,Pre-PUA domain 
19,PreATP-grasp domain 
1,Preprotein translocase SecE subunit 
1,Prim-pol domain 
1,Prion-like 
1,Probable ACP-binding domain of malonyl-CoA ACP transacylase 
2,Profilin (actin-binding protein) 
1,Prokaryotic ribosomal protein L17 
2,Protein serinethreonine phosphatase 2C- C-terminal domain 
1,Protozoan pheromone proteins 
1,PurS-like 
1,Purple acid phosphatase- N-terminal domain 
7,Putative DNA-binding domain 
1,Putative anticodon-binding domain of alanyl-tRNA synthetase (AlaRS) 
1,Pyrimidine nucleoside phosphorylase C-terminal domain 
1,Pyrrolidone carboxyl peptidase (pyroglutamate aminopeptidase) 
19,Quinoprotein alcohol dehydrogenase-like 
1,R1 subunit of ribonucleotide reductase- N-terminal domain 
1,RAP domain-like 
4,RBP11-like subunits of RNA polymerase 
2,RGC domain-like 
1,RL5-like 
1,RNA polymerase subunit RPB10 
14,RNA polymerase subunits 
1,RPB5-like RNA polymerase subunit 
1,RPB6omega subunit-like 
1,Rab geranylgeranyltransferase alpha-subunit- insert domain 
1,Ran-GTPase activating protein 1 (RanGAP1)- C-terminal domain 
1,RecA protein- C-terminal domain 
1,Regulatory protein AraC 
1,Riboflavin kinase-like 
12,Riboflavin synthase domain-like 
5,Ribonuclease PH domain 2-like 
1,Ribonuclease Rh-like 
2,Ribosomal L27 protein-like 
2,Ribosomal protein L1 
2,Ribosomal protein L10-like 
1,Ribosomal protein L19 (L19e) 
1,Ribosomal protein L20 
1,Ribosomal protein L29 (L29p) 
2,Ribosomal protein L30pL7e 
1,Ribosomal protein L31e 
1,Ribosomal protein L32e 
2,Ribosomal protein L39e 
1,Ribosomal protein L712- oligomerisation (N-terminal) domain 
1,Ribosomal protein S16 
1,Ribosomal protein S19 
2,Ribosomal proteins L15p and L18e 
1,Ribosome-binding factor A- RbfA 
3,RoadblockLC7 domain 
1,RofRNase P subunit-like 
1,Rps17e-like 
1,RuBisCo- C-terminal domain 
3,SCP-like 
2,SEA domain 
1,SMI1KNR4-like 
1,Satiety factor CART (cocaine and amphetamine regulated transcript) 
5,Sec63 N-terminal domain-like 
1,Serine metabolism enzymes domain 
11,Serine protease inhibitors 
2,Serum albumin-like 
1,Signal peptide-binding domain 
1,Skp1 dimerisation domain-like 
1,Smacdiablo 
4,Smc hinge domain 
7,SpoIIaa-like 
19,Sporulation response regulatory protein Spo0B 
4,Subdomain of clathrin and coatomer appendage domain 
1,Substrate-binding domain of HMG-CoA reductase 
1,Subunit X (non-heme 7 kDa protein) of cytochrome bc1 complex (Ubiquinol-cytochrome c reductase) 
1,Subunit XI (6.4 kDa protein) of cytochrome bc1 complex (Ubiquinol-cytochrome c reductase) 
3,Subunits of heterodimeric actin filament capping protein Capz 
1,Succinate dehydrogenasefumarate reductase flavoprotein C-terminal domain 
1,Succinate dehydrogenasefumarate reductase flavoprotein- catalytic domain 
1,TAF(II)230 TBP-binding fragment 
1,TFB5-like 
5,TGS-like 
2,THUMP domain-like 
4,TK C-terminal domain-like 
17,TNF receptor-like 
23,TNF-like 
1,TRADD- N-terminal domain 
1,TROVE domain-like 
2,TautomeraseMIF 
1,Tetracyclin repressor-like- C-terminal domain 
1,Tetrahydrobiopterin biosynthesis enzymes-like 
7,Thioesterasethiol ester dehydrase-isomerase 
2,Transcription factor IIA (TFIIA)- alpha-helical domain 
2,Transcription factor IIA (TFIIA)- beta-barrel domain 
5,Transferrin receptor-like dimerisation domain 
1,Trm112p-like 
1,TrmE connector domain 
1,TrpR-like 
7,Tryptophan synthase beta subunit-like PLP-dependent enzymes 
1,Tubulin chaperone cofactor A 
1,Type I dockerin domain 
1,Ubiquinone-binding protein QP-C of cytochrome bc1 complex (Ubiquinol-cytochrome c reductase) 
1,Undecaprenyl diphosphate synthase 
1,Urocanase 
5,Uteroglobin-like 
1,V-type ATP synthase subunit C 
1,V-type ATPase subunit E-like 
1,VHL 
1,VPS28 C-terminal domain-like 
1,Vacuolar ATP synthase subunit C 
1,Vanabin-like 
2,XPC-binding domain 
1,XRCC4- N-terminal domain 
1,YaeB-like 
1,YbjQ-like 
1,YdhG-like 
1,YebC-like 
1,YjeF N-terminal domain-like 
1,YrdCRibB 
1,Zinc finger domain of DNA polymerase-alpha 
1,all-alpha NTP pyrophosphatases 
4,beta and beta-prime subunits of DNA dependent RNA-polymerase 
2,beta-Galactosidaseglucuronidase domain 
1,beta-catenin-interacting protein ICAT 
1,beta-lactamasetranspeptidase-like 
1,eIF-2-alpha- C-terminal domain 
1,eIF2alpha middle domain-like 
3,eIF4e-like 
1,mRNA decapping enzyme DcpS N-terminal domain 
1,ssDNA-binding transcriptional regulator domain 
3,tRNA-binding arm 
2,tRNA-intron endonuclease catalytic domain-like 
