8,14-3-3 protein 
2,14 kDa protein of cytochrome bc1 complex (Ubiquinol-cytochrome c reductase) 
5,2-3-Bisphosphoglycerate-independent phosphoglycerate mutase- substrate-binding domain 
24,2Fe-2S ferredoxin-like 
1,2-methylcitrate dehydratase PrpD 
193,3-carboxy-cis-cis-mucoante lactonizing enzyme 
39,4Fe-4S ferredoxins 
67,4-helical cytokines 
9,4-phosphopantetheinyl transferase 
1,5-nucleotidase (syn. UDP-sugar hydrolase)- C-terminal domain 
17,5 to 3 exonuclease- C-terminal subdomain 
2,6-hydroxymethyl-7-8-dihydropterin pyrophosphokinase- HPPK 
32,6-phosphogluconate dehydrogenase C-terminal domain-like 
26,ABC transporter transmembrane region 
3,AbfB domain 
6,AbrBMazEMraZ-like 
1,Accessory protein X4 (ORF8- ORF7a) 
37,Acetyl-CoA synthetase-like 
19,Acid phosphataseVanadium-dependent haloperoxidase 
26,Acid proteases 
1,Aconitase B- N-terminal domain 
4,Aconitase iron-sulfur domain 
12,ACP-like 
17,Actin-crosslinking proteins 
30,Actin depolymerizing proteins 
151,Actin-like ATPase domain 
35,Activating enzymes of the ubiquitin-like proteins 
2,Activator of Hsp90 ATPase- Aha1 
31,ACT-like 
15,Acyl-CoA binding protein 
22,Acyl-CoA dehydrogenase C-terminal domain-like 
19,Acyl-CoA dehydrogenase NM domain-like 
87,Acyl-CoA N-acyltransferases (Nat) 
5,AcylphosphataseBLUF domain-like 
1,Ada DNA repair protein- N-terminal domain (N-Ada 10) 
16,ADC-like 
90,Adenine nucleotide alpha hydrolases-like 
33,A DNA-binding domain in eukaryotic transcription factors 
2,a domainsubunit of cytochrome bc1 complex (Ubiquinol-cytochrome c reductase) 
31,ADP-ribosylation 
3,ADP-ribosylglycohydrolase 
3,AF0104ALDCPtd012-like 
2,AF0625-like 
1,AF0941-like 
2,AF1104-like 
2,AF1531-like 
5,AF1782-like 
1,AF2212PG0164-like 
2,AFP III-like domain 
1,Agglutinin 
3,Agouti-related protein 
6,A heparin-binding domain 
16,AhpD-like 
10,Alanine racemase C-terminal domain-like 
3,AlbA-like 
3,Aldehyde ferredoxin oxidoreductase- N-terminal domain 
22,ALDH-like 
62,Aldolase 
40,Alkaline phosphatase-like 
8,all-alpha NTP pyrophosphatases 
14,Alpha-2-38-sialyltransferase CstII 
1,alpha-Amylase inhibitor tendamistat 
273,alphabeta-Hydrolases 
22,alphabeta knot 
12,alpha-cateninvinculin-like 
7,alpha-D-mannose-specific plant lectins 
17,alpha-helical ferredoxin 
4,Alpha-hemoglobin stabilizing protein AHSP 
6,alpha-ketoacid dehydrogenase kinase- N-terminal domain 
13,Alpha-L RNA-binding motif 
2,Amb V allergen 
19,Amidase signature (AS) enzymes 
2,A middle domain of Talin 1 
3,Amine oxidase catalytic domain 
8,Amine oxidase N-terminal region 
13,Aminoacid dehydrogenase-like- N-terminal domain 
8,Aminomethyltransferase beta-barrel domain 
5,Aminopeptidaseglucanase lid domain 
3,AMMECR1-like 
5,Ammonium transporter 
2,AMPKBI-like 
3,Amyloid beta a4 protein copper binding domain (domain 2) 
53,AN1-like Zinc finger 
1,An anticodon-binding domain of class I aminoacyl-tRNA synthetases 
4,Anaphylotoxins (complement system) 
274,Ankyrin repeat 
17,Annexin 
3,Antibiotic binding domain of TipA-like multidrug resistance regulators 
20,Anticodon-binding domain of a subclass of class I aminoacyl-tRNA synthetases 
4,Anticodon-binding domain of PheRS 
2,Antifungal protein (AGAFP) 
2,Anti-sigma factor AsiA 
1,Anti-sigma factor FlgM 
3,ApaG-like 
1,ApbE-like 
1,Api92-like 
4,Apolipophorin-III 
26,Apolipoprotein 
1,Apyrase 
18,Aquaporin-like 
2,Arabinanaselevansucraseinvertase 
7,AraDHMP-PK domain-like 
50,ArfGapRecO-like zinc finger 
16,Arginasedeacetylase 
3,Argininosuccinate synthetase- C-terminal domain 
3,Arginyl-tRNA synthetase (ArgRS)- N-terminal additional domain 
16,ARID-like 
287,ARM repeat 
5,Aromatic aminoacid monoxygenases- catalytic and oligomerization domains 
7,Aromatic compound dioxygenase 
2,Arp23 complex 16 kDa subunit ARPC5 
2,Arp23 complex 21 kDa subunit ARPC3 
4,Arp23 complex subunits 
3,ASF1-like 
18,Aspartate carbamoyltransferase- Regulatory-chain- C-terminal domain 
1,Aspartate carbamoyltransferase- Regulatory-chain- N-terminal domain 
7,Aspartateglutamate racemase 
18,Aspartateornithine carbamoyltransferase 
2,Aspartate receptor- ligand-binding domain 
1,At5g01610-like 
1,ATP12-like 
69,ATPase domain of HSP90 chaperoneDNA topoisomerase IIhistidine kinase 
3,ATP-dependent DNA ligase DNA-binding domain 
2,AtpF-like 
1,ATP synthase B chain-like 
1,ATP synthase D chain-like 
4,ATP synthase (F1-ATPase)- gamma subunit 
1,Ava3019-like 
1,Avirulence protein AvrPto 
1,A virus capsid protein alpha-helical domain 
7,AXH domain 
2,B12-dependent dehydatase associated subunit 
2,Bacillus cereus metalloprotein-like 
1,Bacillus phage protein 
3,Bacterial aa3 type cytochrome c oxidase subunit IV 
1,Bacterial adhesins 
1,Bacterial ba3 type cytochrome c oxidase subunit IIa 
4,Bacterial enterotoxins 
7,Bacterial exopeptidase dimerisation domain 
2,Bacterial fluorinating enzyme- C-terminal domain 
1,Bacterial fluorinating enzyme- N-terminal domain 
1,Bacterial immunoglobulinalbumin-binding domains 
5,Bacterial luciferase-like 
1,Bacterial polysaccharide co-polymerase-like 
10,Bactericidal permeability-increasing protein- BPI 
1,Bacteriocin immunity protein-like 
1,Baculovirus p35 protein 
11,BAG domain 
10,BAH domain 
11,Band 7SPFH domain 
111,BARIMD domain-like 
5,Barrier-to-autointegration factor- BAF 
2,Barstar-related 
2,Barwin-like endoglucanases 
5,BB1717-like 
1,BB2672-like 
104,B-box zinc-binding domain 
1,BC4932-like 
22,Bcl-2 inhibitors of programmed cell death 
6,Bcr-Abl oncoprotein oligomerization domain 
8,BEACH domain 
10,beta and beta-prime subunits of DNA dependent RNA-polymerase 
5,beta-Barrel protease inhibitors 
1327,beta-beta-alpha zinc fingers 
6,beta-carbonic anhydrase- cab 
3,beta-catenin-interacting protein ICAT 
19,beta-Galactosidaseglucuronidase domain 
1,Beta-galactosidase LacA- domain 3 
13,beta-lactamasetranspeptidase-like 
5,beta-N-acetylhexosaminidase-like domain 
7,beta-sandwich domain of Sec2324 
34,Bet v1-like 
1,BH2638-like 
1,BH3618-like 
4,BH3980-like 
17,Blood coagulation inhibitor (disintegrin) 
3,BLRF2-like 
4,BolA-like 
1,Bowman-Birk inhibitor- BBI 
21,BPTI-like 
1,BRCA2 helical domain 
2,BRCA2 tower domain 
33,BRCT domain 
9,BRK domain-like 
47,Bromodomain 
7,BSD domain-like 
1,BT0923-like 
11,BTG domain-like 
1,BTV NS2-like ssRNA-binding domain 
1,Bubble protein 
171,C2 domain (Calciumlipid-binding domain- CaLB) 
113,Cadherin-like 
40,CAD & PB1 domains 
37,Calcium ATPase- transduction domain A 
33,Calcium ATPase- transmembrane domain M 
212,Calcium-dependent phosphotriesterase 
1,Calcyclin-binding protein-like 
13,Calpain large subunit- middle domain (domain III) 
102,Calponin-homology domain- CH-domain 
10,CalX-like 
47,cAMP-binding domain-like 
14,Cap-Gly domain 
4,CAPPD- an extracellular domain of amyloid beta A4 protein 
10,Carbamate kinase-like 
5,Carbamoyl phosphate synthetase- large subunit connection domain 
2,Carbamoyl phosphate synthetase- small subunit N-terminal domain 
5,Carbohydrate binding domain 
5,Carbohydrate-binding domain 
12,Carbohydrate phosphatase 
18,Carbonic anhydrase 
11,Carbon-nitrogen hydrolase 
2,Carboxypeptidase inhibitor 
15,Carboxypeptidase regulatory domain-like 
5,Casein kinase II beta subunit 
25,Caspase-like 
6,Cation efflux protein cytoplasmic domain-like 
12,Cation efflux protein transmembrane domain-like 
3,CBD9-like 
34,CBS-domain pair 
63,CCCH zinc finger 
9,CCHHC domain 
3,Cdc48 domain 2-like 
2,Cell cycle regulatory proteins 
1,Cell-division inhibitor MinC- C-terminal domain 
4,Cell growth inhibitorplasmid maintenance toxic component 
1,Cellulose docking domain- dockering 
5,Cgl1923-like 
1,ChaB-like 
55,Chaperone J-domain 
1,CheC-like 
6,Chelatase 
2,Chemosensory protein Csp2 
40,CheY-like 
9,Chitinase insertion domain 
2,Cholecystokinin A receptor- N-domain 
6,Chondroitin ACalginate lyase 
2,Chorismate mutase II 
1,Chorismate synthase- AroC 
54,Chromo domain-like 
229,CHY zinc finger-like 
2,CI-2 family of serine protease inhibitors 
3,Citrate synthase 
64,Class I glutamine amidotransferase-like 
21,Class II aaRS ABD-related 
46,Class II aaRS and biotin synthetases 
2,Class II MHC-associated invariant chain ectoplasmic trimerization domain 
12,Clathrin adaptor appendage domain 
3,Clathrin heavy-chain terminal domain 
59,Clavaminate synthase-like 
9,Clc chloride channel 
3,Cloroperoxidase 
59,ClpPcrotonase 
4,ClpS-like 
9,Cna protein B-type domain 
2,CNF1YfiH-like putative cysteine hydrolases 
3,CoaB-like 
18,CoA-dependent acyltransferases 
12,CoA-transferase family III (CaiBBaiF) 
2,Cobalamin adenosyltransferase-like 
15,Cobalamin (vitamin B12)-binding domain 
5,Cobalamin (vitamin B12)-dependent enzymes 
1,CobEGbiG C-terminal domain-like 
3,CO dehydrogenase flavoprotein C-terminal domain-like 
7,CO dehydrogenase ISP C-domain like 
2,CO dehydrogenase molybdoprotein N-domain-like 
1,CofD-like 
1,CofE-like 
2,Colicin 
1,Colicin DE5 nuclease domain 
1,Colicin E immunity proteins 
7,Colipase-like 
75,Complement control moduleSCR domain 
26,Composite domain of metallo-dependent hydrolases 
239,Concanavalin A-like lectinsglucanases 
5,Connexin43 
14,Conserved domain common to transcription factors TFIIS- elongin A- CRSP70 
1,Copper amine oxidase- domain N 
3,Coproporphyrinogen III oxidase 
1,CorA soluble domain-like 
1,Core binding factor beta- CBF 
2,Coronavirus NSP10-like 
33,CRALTRIO domain 
14,CRALTRIO N-terminal domain 
14,Creatinaseaminopeptidase 
11,Creatinaseprolidase N-terminal domain 
5,Crisp domain-like 
1,CRISPR-associated protein 
4,Crustacean CHHMIHGIH neurohormone 
3,Cryptochromephotolyase FAD-binding domain 
3,Cryptochromephotolyase- N-terminal domain 
9,CSL zinc finger 
4,CtagCox11 
2,C-terminal autoproteolytic domain of nucleoporin nup98 
4,C-terminal domain of adenylylcyclase associated protein 
8,C-terminal domain of alpha and beta subunits of F1 ATP synthase 
1,C-terminal domain of DFF45ICAD (DFF-C domain) 
2,C-terminal domain of Ku80 
3,C-terminal domain of mollusc hemocyanin 
4,C-terminal domain of ProRS 
4,C-terminal domain of RNA polymerase alpha subunit 
7,C-terminal domain of transcriptional repressors 
41,C-terminal effector domain of the bipartite response regulators 
12,C-terminal- gelsolin-like domain of Sec2324 
294,C-terminal (heme d1) domain of cytochrome cd1-nitrite reductase 
110,C-type lectin-like 
9,Cullin homology domain 
16,Cullin repeat-like 
67,Cupredoxins 
1,CutC-like 
7,Cu-Zn superoxide dismutase-like 
1,Cyanovirin-N 
54,Cyclin-like 
28,Cyclophilin-like 
4,Cyclotides 
29,Cystatinmonellin 
5,Cysteine alpha-hairpin motif 
179,Cysteine proteinases 
7,Cysteine-rich DNA binding domain- (DM domain) 
193,Cysteine-rich domain 
74,Cystine-knot cytokines 
3,CYTH-like phosphatases 
30,Cytidine deaminase-like 
3,Cytochrome b559 subunits 
25,Cytochrome b5-like hemesteroid binding domain 
115,Cytochrome c 
7,Cytochrome c1 subunit of cytochrome bc1 complex (Ubiquinol-cytochrome c reductase)- transmembrane anchor 
1,Cytochrome c oxidase subunit E 
7,Cytochrome c oxidase subunit h 
1,Cytochrome c oxidase subunit III-like 
11,Cytochrome c oxidase subunit II-like- transmembrane region 
1,Cytochrome c oxidase subunit I-like 
3,Cytochrome f subunit of the cytochrome b6f complex- transmembrane anchor 
80,Cytochrome P450 
12,Cytochromes 
34,Cytokine 
3,Cytolysinlectin 
2,DAK1DegV-like 
6,D-aminoacid aminotransferase-like PLP-dependent enzymes 
1,D-aminopeptidase- middle and C-terminal domains 
72,DBL homology domain (DH-domain) 
4,Dcp2 domain-like 
108,DEATH domain 
50,Defensin-like 
10,Dehydroquinate synthase-like 
5,DEK C-terminal domain 
1,delta-Endotoxin (insectocide)- middle domain 
1,delta-Endotoxin (insectocide)- N-terminal domain 
1,Dextranase- N-terminal domain 
2,Dhaf3308-like 
2,DhaL-like 
2,DHH phosphoesterases 
46,DHS-like NADFAD-binding domain 
18,Diaminopimelate epimerase-like 
5,Di-copper centre-containing domain 
10,Dihydrofolate reductase-like 
8,Dihydropteroate synthetase-like 
29,Dimeric alpha+beta barrel 
1,Dimerisation domain of CENP-B 
20,Dimerization-anchoring domain of cAMP-dependent PK regulatory subunit 
3,Dimerization cofactor of HNF-1 alpha 
6,DinBYfiT-like putative metalloenzymes 
2,Dipeptidyl peptidase I (cathepsin C)- exclusion domain 
4,DLC 
2,D-lysine 5-6-aminomutase beta subunit KamE- N-terminal domain 
2,DmpAArgJ-like 
19,DNA-binding domain 
1,DNA-binding domain of Mlu1-box binding protein MBP1 
3,DNA-binding domain of retroviral integrase 
2,DNA-binding protein LAG-1 (CSL) 
5,DNA-binding protein Tfx 
2,DNA-binding pseudobarrel domain 
8,DNA breaking-rejoining enzymes 
21,DNA clamp 
4,DNA damage-inducible protein DinI 
34,DNA-glycosylase 
2,DNA helicase RuvA subunit- C-terminal domain 
13,DnaJHsp40 cysteine-rich domain 
11,DNA ligasemRNA capping enzyme- catalytic domain 
11,DNA methylase specificity domain 
3,DNA mismatch repair protein MutL 
10,DNA polymerase beta- N-terminal domain-like 
3,DNA polymerase III chi subunit 
1,DNA polymerase III psi subunit 
1,DNA polymerase III theta subunit-like 
2,DNA primase core 
2,DNA primase DnaG- C-terminal domain 
3,DNA repair protein MutS- domain I 
5,DNA repair protein MutS- domain II 
10,DNA repair protein MutS- domain III 
27,DNARNA polymerases 
39,DNase I-like 
1,DNA terminal protein 
2,DNA topoisomerase IV- alpha subunit 
7,Dodecin-like 
1,Dom34Pelota N-terminal domain-like 
1,Domain from hypothetical 2610208m17rik protein 
4,Domain of poly(ADP-ribose) polymerase 
2,Domain of the SRPSRP receptor G-proteins 
1,DOPA-like 
21,Double Clp-N motif 
14,Doublecortin (DC) 
1,Double-stranded DNA-binding domain 
225,DPP6 N-terminal domain-like 
1,DR1885-like metal-binding protein 
4,D-ribose-5-phosphate isomerase (RpiA)- lid domain 
1,DsbB-like 
7,DsbCDsbG N-terminal domain-like 
5,DsrC- the gamma subunit of dissimilatory sulfite reductase 
3,DsrEFH-like 
42,dsRNA-binding domain-like 
3,DTD-like 
4,Duffy binding domain-like 
6,Duplicated hybrid motif 
9,DUSP-like 
6,dUTPase-like 
1,Dystroglycan- domain 2 
17,E2F-DP heterodimerization region 
1,E2 regulatory- transactivation domain 
1,E6 C-terminal domain-like 
2,E7 C-terminal domain-like 
1,EAL domain-like 
13,EB1 dimerisation domain-like 
1,Ecotin- trypsin inhibitor 
1,Ectatomin subunits 
2,eEF-1beta-like 
1,eEF1-gamma domain 
1,EF2947-like 
13,EF-G C-terminal domain-like 
353,EF-hand 
16,EF-TueEF-1alphaeIF2-gamma C-terminal domain 
280,EGFLaminin 
6,eIF1-like 
1,eIF-2-alpha- C-terminal domain 
4,eIF2alpha middle domain-like 
6,eIF4e-like 
13,Elafin-like 
3,Electron transport accessory proteins 
8,Elongation factor TFIIS domain 2 
3,Elongation factor Ts (EF-Ts)- dimerisation domain 
6,Endosomal sorting complex assembly domain 
2,EndoU-like 
29,Enolase C-terminal domain-like 
13,Enolase N-terminal domain-like 
29,ENTHVHS domain 
1,ENT-like 
1,ENV polyprotein- receptor-binding domain 
1,Enzyme I of the PEP:sugar phosphotransferase system HPr-binding (sub)domain 
1,Epsilon subunit of F1F0-ATP synthase C-terminal domain 
2,Epsilon subunit of F1F0-ATP synthase N-terminal domain 
3,Epsilon subunit of mitochondrial F1F0-ATP synthase 
3,EPTRTPC-like 
4,EreAChaN-like 
1,ERH-like 
1,ERO1-like 
1,ERP29 C domain-like 
2,EscU C-terminal domain-like 
160,E set domains 
7,EsxAB dimer-like 
3,Eukaryotic DNA topoisomerase I- dispensable insert domain 
6,Eukaryotic DNA topoisomerase I- N-terminal DNA-binding fragment 
1,Eukaryotic initiation factor 4f subunit eIF4g- eIF4e-binding domain 
3,Eukaryotic RPB5 N-terminal domain 
56,Eukaryotic type KH-domain (KH-domain type I) 
1,EutNCcmL-like 
2,EV matrix protein 
7,Expressed protein At2g23090F21P24.15 
1,F1F0 ATP synthase subunit A 
2,F1F0 ATP synthase subunit B- membrane domain 
5,F1F0 ATP synthase subunit C 
38,FabDlysophospholipase-like 
17,FAD-bindingtransporter-associated domain-like 
14,FAD-dependent thiol oxidase 
8,FAD-linked oxidases- C-terminal domain 
8,FAD-linked oxidoreductase 
42,FAD-linked reductases- C-terminal domain 
14,FADNAD-linked reductases- dimerisation (C-terminal) domain 
292,FADNAD(P)-binding domain 
7,FAH 
9,Families 5738 glycoside transferase middle domain 
2,Family 10 polysaccharide lyase 
786,Family A G protein-coupled receptor-like 
9,FAS1 domain 
2,FAT domain of focal adhesion kinase 
79,F-box domain 
92,FdhE-like 
7,Fe-Mn superoxide dismutase (SOD)- C-terminal domain 
4,Fe-Mn superoxide dismutase (SOD)- N-terminal domain 
2,Fe-only hydrogenase 
2,Fe-only hydrogenase smaller subunit 
67,Ferredoxin reductase-like- C-terminal NADP-linked domain 
1,Ferredoxin thioredoxin reductase (FTR)- catalytic beta chain 
20,Ferritin-like 
10,Fe-S cluster assembly (FSCA) domain-like 
12,FF domain 
3,FGAM synthase PurL- linker domain 
32,Fibrinogen C-terminal domain-like 
230,Fibronectin type III 
3,Fic-like 
2,FimD N-terminal domain-like 
2,FKBP12-rapamycin-binding domain of FKBP-rapamycin-associated protein (FRAP) 
27,FKBP-like 
1,Flagellar export chaperone FliS 
54,Flavoproteins 
5,FlhC-like 
6,FliG 
2,FLJ32549 C-terminal domain-like 
1,FLJ32549 domain-like 
14,FMN-binding split barrel 
4,FMN-dependent nitroreductase-like 
33,FMN-linked oxidoreductases 
9,FMT C-terminal domain-like 
48,FnI-like domain 
8,Folate-binding domain 
14,Formate dehydrogenaseDMSO reductase- domains 1-3 
16,Formateglycerate dehydrogenase catalytic domain-like 
2,Formiminotransferase domain of formiminotransferase-cyclodeaminase. 
25,Formin homology 2 domain (FH2 domain) 
12,Formyltransferase 
3,FrataxinNqo15-like 
21,Frizzled cysteine-rich domain 
13,FtsH protease domain-like 
1,FucIAraA C-terminal domain-like 
1,FucIAraA N-terminal and middle domains 
1,FumA C-terminal domain-like 
5,Fumarate reductase respiratory complex transmembrane subunits 
4,Fumarylacetoacetate hydrolase- FAH- N-terminal domain 
2,Functional domain of the splicing factor Prp18 
1,FYSH domain 
566,FYVEPHD zinc finger 
3,GAD domain-like 
10,GAF domain-like 
111,Galactose-binding domain-like 
19,Galactose mutarotase-like 
155,Galactose oxidase- central domain 
23,gamma-Crystallin-like 
7,Gamma-glutamyl cyclotransferase-like 
3,Ganglioside M2 (gm2) activator 
8,GAS2 domain-like 
5,GatBYqeY motif 
3,Gated mechanosensitive channel 
24,GAT-like domain 
2,GckATtuD-like 
2,GCM domain 
3,GDNF receptor-like 
2,gene 59 helicase assembly protein 
4,GFP-like 
22,GHMP Kinase- C-terminal domain 
8,GINS helical bundle-like 
1,GIY-YIG endonuclease 
27,GLA-domain 
8,GlnB-like 
465,Glucocorticoid receptor-like (DNA-binding domain) 
3,Glucose permease domain IIB 
3,GlutaminaseAsparaginase 
12,Glutamine synthetaseguanido kinase 
3,Glutamine synthetase- N-terminal domain 
1,Glutamyl tRNA-reductase catalytic- N-terminal domain 
1,Glutamyl tRNA-reductase dimerization domain 
54,Glutathione synthetase ATP-binding domain-like 
1,Glu-tRNAGln amidotransferase C subunit 
32,Glyceraldehyde-3-phosphate dehydrogenase-like- C-terminal domain 
11,Glycerol-3-phosphate (1)-acyltransferase 
1,Glycogen synthesis protein GlgS 
6,Glycolipid transfer protein- GLTP 
29,Glycoside hydrolasedeacetylase 
35,Glycosyl hydrolase domain 
67,GlyoxalaseBleomycin resistance proteinDihydroxybiphenyl dioxygenase 
3,GMP synthetase C-terminal dimerisation domain 
2,GntR ligand-binding domain-like 
1,gpWgp25-like 
14,Granulin repeat 
4,GreA transcript cleavage protein- N-terminal domain 
7,GRIP domain 
22,GroEL apical domain-like 
15,GroEL equatorial domain-like 
14,GroEL-intermediate domain like 
32,GroES-like 
1,Group I dsDNA viruses 
4,Group II dsDNA viruses VP 
76,Growth factor receptor domain 
5,GspK insert domain-like 
68,GST C-terminal domain-like 
5,GTF2I-like repeat 
89,GTPase activation domain- GAP 
2,GTP cyclohydrolase I feedback regulatory protein- GFRP 
6,Guanido kinase N-terminal domain 
2,GUN4-like 
5,Gurmarin-like 
7,GYF domain 
3,GyrAParC C-terminal domain-like 
177,HAD-like 
9,Hairpin loop containing domain-like 
1,HAMP domain-like 
2,HAND domain of the nucleosome remodeling ATPase ISWI 
2,HBS1-like domain 
79,HCP-like 
33,HD-domainPDEase-like 
2,Head domain of nucleotide exchange factor GrpE 
17,Heat shock protein 70kD (HSP70)- C-terminal subdomain 
13,Heat shock protein 70kD (HSP70)- peptide-binding domain 
28,Hect- E3 ligase catalytic domain 
6,HedgehogDD-peptidase 
9,Hedgehogintein (Hint) domain 
11,"Helical backbone" metal receptor 
8,Helical domain of Sec2324 
2,Helical scaffold and wing domains of SecA 
1,HemD-like 
1,Heme chaperone CcmE 
2,Heme-dependent catalase-like 
23,Heme-dependent peroxidases 
3,Heme iron utilization protein-like 
7,Heme oxygenase-like 
1,Hemerythrin-like 
1,Hemolysin expression modulating protein HHA 
25,Hemopexin-like domain 
2,Heparin-binding domain from vascular endothelial growth factor 
2,Hepatitis B viral capsid (hbcag) 
1,Hermes dimerisation domain 
3,Herpes virus serine proteinase- assemblin 
11,HesB-like domain 
4,HI0933 insert domain-like 
5,HIN-2000 domain-like 
3,HIPIP (high potential iron protein) 
1,HisI-like 
18,His-Me finger endonucleases 
3,Histidine-containing phosphotransfer domain- HPT domain 
91,Histone-fold 
2,Histone H3 K4-specific methyltransferase SET79 N-terminal domain 
17,HIT-like 
46,HITMYND zinc finger-like 
9,HIV integrase-binding domain 
149,HLH- helix-loop-helix DNA-binding domain 
9,HlyD-like secretion proteins 
40,HMA- heavy metal-associated domain 
69,HMG-box 
3,H-NS histone-like proteins 
1,Holliday junction resolvase RusA 
476,Homeodomain-like 
4,Homing endonucleases 
7,Homocysteine S-methyltransferase 
9,Homodimeric domain of signal transducing histidine kinase 
10,Homo-oligomeric flavin-containing Cys decarboxylases- HFCD 
14,Hook domain 
23,Hormone receptor domain 
3,HP0062-like 
1,HP1531-like 
6,HprK N-terminal domain-like 
12,HR1 repeat 
17,HRDC-like 
2,HSC20 (HSCB)- C-terminal oligomerisation domain 
30,HSP20-like chaperones 
14,HSP33 redox switch-like 
13,HSP40DnaJ peptide-binding domain 
2,Hsp90 co-chaperone CDC37 
11,HSP90 C-terminal domain 
2,HupFHypC-like 
1,Hyaluronate lyase-like- C-terminal domain 
1,Hyaluronidase post-catalytic domain-like 
7,HydANqo6-like 
3,HydBNqo4-like 
5,Hypothetical membrane protein Ta0354- soluble domain 
3,Hypothetical protein AF0491- middle domain 
3,Hypothetical protein c14orf129- hspc210 
1,Hypothetical protein MTH1184 
1,Hypothetical protein MTH1880 
6,Hypothetical protein PA1324 
2,Hypothetical protein PF0899 
2,Hypothetical protein PH1602 
3,Hypothetical protein SAV1430 
5,Hypothetical protein Ta0289 C-terminal domain 
2,Hypothetical protein Ta1206 
2,Hypothetical protein TT1725 
1,Hypothetical protein VC0424 
5,Hypothetical protein YfhH 
5,Hypothetical protein YgiW 
6,Hypothetical protein YjiA- C-terminal domain 
1,Hypothetical protein YoaG 
3,Hypothetical protein YwqG 
2,ICP-like 
5,IHF-like DNA-binding proteins 
8,ILWEQ domain 
582,Immunoglobulin 
1,Immunoglobulin-binding domains 
122,ImpE-like 
1,Indigoidine synthase A-like 
6,Indolic compounds 2-3-dioxygenase-like 
11,Inhibitor of apoptosis (IAP) repeat 
3,Inhibitor of vertebrate lysozyme- Ivy 
2,Initiation factor IF2eIF5b- domain 3 
3,Inorganic pyrophosphatase 
13,Inosine monophosphate dehydrogenase (IMPDH) 
3,Insect pheromoneodorant-binding proteins 
3,Insert subdomain of RNA polymerase alpha subunit 
10,Insulin-like 
22,Integrin alpha N-terminal domain 
7,Integrin beta tail domain 
23,Integrin domains 
22,Interferon-induced guanylate-binding protein 1 (GBP1)- C-terminal domain 
52,Interleukin 8-like chemokines 
5,Invasinintimin cell-adhesion fragments 
3,Invertebrate chitin-binding proteins 
6,IP3 receptor type 1 binding core- domain 2 
1,IpaD-like 
1,IpsF-like 
5,Iron-dependent repressor protein- dimerization domain 
1,Iron-sulfur subunit of formate dehydrogenase N- transmembrane anchor 
5,Isochorismatase-like hydrolases 
10,IsocitrateIsopropylmalate dehydrogenase-like 
20,ISP domain 
7,ISP transmembrane anchor 
3,ISY1 domain-like 
4,ITPase-like 
9,JAB1MPN domain 
3,Jann2411-like 
11,KA1-like 
3,KaiARbsU domain 
50,Kazal-type serine protease inhibitors 
82,Kelch motif 
1,Kinase-associated protein B-like 
1,Kinetochore globular domain 
3,Kix domain of CBP (creb binding protein) 
8,KorB DNA-binding domain-like 
387,KRAB domain (Kruppel-associated box) 
35,Kringle-like 
1,L21p-like 
19,L27 domain 
12,L28p-like 
20,L30e-like 
1,L35p-like 
7,L9 N-domain-like 
9,lambda integrase-like- N-terminal domain 
100,lambda repressor-like DNA-binding domains 
6,Lamin AC globular tail domain 
3,LanC-like 
8,L-aspartase-like 
2,LCCL domain 
25,LDH C-terminal domain-like 
40,LDL receptor-like module 
275,L domain-like 
3,L-D-transpeptidase catalytic domain-like 
10,Leech antihemostatic proteins 
2,LemA-like 
16,LEM domain 
9,Lesion bypass DNA polymerase (Y-family)- little finger domain 
8,LeuDIlvD-like 
11,LexASignal peptidase 
11,Ligand-binding domain in the NO signalling and Golgi transport 
1,LigA subunit of an aromatic-ring-opening dioxygenase LigAB 
2,LigB-like 
2,Light-harvesting complex subunits 
9,LigT-like 
4,Lipase chaperone-like 
21,Lipaselipooxygenase domain (PLATLH2 domain) 
57,Lipocalins 
4,Lipovitellin-phosvitin complex; beta-sheet shell regions 
9,Lipovitellin-phosvitin complex- superhelical domain 
6,Lipoxigenase 
5,Lissencephaly-1 protein (Lis-1- PAF-AH alpha) N-terminal domain 
2,LmbE-like 
1,L-sulfolactate dehydrogenase-like 
2,Lumazine synthase 
34,LuxSMPP-like metallohydrolase 
12,LysM domain 
18,Lysozyme-like 
15,Macro domain-like 
5,Magnesium transport protein CorA- transmembrane region 
2,Mago nashi protein 
3,MAL13P1.257-like 
2,Malate synthase G 
2,MalF N-terminal region-like 
4,Mannose-6-phosphate receptor binding protein 1 (Tip47)- C-terminal domain 
6,Mannose 6-phosphate receptor domain 
4,Mannose-binding lectins 
8,MAPEG domain-like 
4,MAST3 pre-PK domain-like 
3,MbtH-like 
10,MCPYpsA-like 
13,Mediator hinge subcomplex-like 
2,MesJ substrate recognition domain-like 
41,Metal cation-transporting ATPase- ATP-binding domain N 
50,Metallo-dependent hydrolases 
69,Metallo-dependent phosphatases 
68,Metallo-hydrolaseoxidoreductase 
114,Metalloproteases ("zincins")- catalytic domain 
40,Metallothionein 
2,Methanol dehydrogenase subunit 
5,Methenyltetrahydrofolate cyclohydrolase-like 
4,Methionine synthase activation domain-like 
3,Methionine synthase domain 
17,Methionyl-tRNA synthetase (MetRS)- Zn-domain 
1,Methuselah ectodomain 
7,Methylated DNA-protein cysteine methyltransferase- C-terminal domain 
9,Methylated DNA-protein cysteine methyltransferase domain 
1,Methyl-coenzyme M reductase alpha and beta chain C-terminal domain 
1,Methyl-coenzyme M reductase subunits 
7,Methylglyoxal synthase-like 
1,MetI-like 
1,MFPT repeat-like 
140,MFS general substrate transporter 
2,MG296-like 
5,MgtE membrane domain-like 
4,MgtE N-terminal domain-like 
52,MHC antigen-recognition domain 
5,Mibherc2 domain-like 
105,Microbial and mitochondrial ADK- insert "zinc finger" domain 
1,Microbial ribonucleases 
4,Midkine 
14,Mini-collagen I- C-terminal domain 
9,MIR domain 
32,MIT domain 
8,MIT domain-like 
3,Mitochondrial ATP synthase coupling factor 6 
48,Mitochondrial carrier 
4,Mitochondrial cytochrome c oxidase subunit IV 
5,Mitochondrial cytochrome c oxidase subunit VIa 
2,Mitochondrial cytochrome c oxidase subunit VIc 
5,Mitochondrial cytochrome c oxidase subunit VIIa 
3,Mitochondrial cytochrome c oxidase subunit VIIb 
2,Mitochondrial cytochrome c oxidase subunit VIIc (aka VIIIa) 
3,Mitochondrial cytochrome c oxidase subunit VIIIb (aka IX) 
3,Mitochondrial glycoprotein MAM33-like 
4,Mitochondrial import receptor subunit Tom20 
1,MK0786-like 
1,MM3350-like 
22,MoaDThiS 
7,Mob1phocein 
2,MoeA C-terminal domain-like 
2,MoeA N-terminal region -like 
5,Moesin tail domain 
3,Mog1pPsbP-like 
3,Molybdenum cofactor-binding domain 
4,Molybdenum cofactor biosynthesis protein C- MoaC 
17,Molybdenum cofactor biosynthesis proteins 
3,Molybdopterin synthase subunit MoaE 
2,Monooxygenase (hydroxylase) regulatory protein 
13,MOP-like 
3,MOSC N-terminal domain-like 
1,mRNA decapping enzyme DcpS N-terminal domain 
18,Mss4-like 
2,MTH1187YkoF-like 
1,MTH1598-like 
1,MTH889-like 
8,MTH938-like 
2,MukF C-terminal domain-like 
4,Multidrug efflux transporter AcrB pore domain; PN1- PN2- PC1 and PC2 subdomains 
3,Multidrug efflux transporter AcrB TolC docking domain; DN and DC subdomains 
9,Multidrug efflux transporter AcrB transmembrane domain 
50,Multiheme cytochromes 
82,MurCD N-terminal domain 
14,MurD-like peptide ligases- catalytic domain 
21,MurD-like peptide ligases- peptide-binding domain 
1,MurEMurF N-terminal domain 
2,mu transposase- C-terminal domain 
9,MW0975(SA0943)-like 
3,MxiH-like 
5,Myosin phosphatase inhibitor 17kDa protein- CPI-17 
18,Myosin S1 fragment- N-terminal domain 
1,N5-CAIR mutase (phosphoribosylaminoimidazole carboxylase- PurE) 
11,N-acetylmuramoyl-L-alanine amidase-like 
2,NadA-like 
2,NAD-binding domain of HMG-CoA reductase 
7,NADH pyrophosphatase intervening domain 
28,NAD kinasediacylglycerol kinase-like 
478,NAD(P)-binding Rossmann-fold domains 
44,NAD(P)-linked oxidoreductase 
29,NagBRpiACoA transferase-like 
23,NAP-like 
7,N-(deoxy)ribosyltransferase-like 
4,NE1680-like 
2,Neurophysin II 
9,Neurotoxin III (ATX III) 
55,Neurotransmitter-gated ion-channel transmembrane pore 
1,NfeD domain-like 
212,NHL repeat 
15,NicotinateQuinolinate PRTase C-terminal domain-like 
7,NicotinateQuinolinate PRTase N-terminal domain-like 
47,Nicotinic receptor ligand binding domain-like 
2,NIF3 (NGG1p interacting factor 3)-like 
4,Nitric oxide (NO) synthase oxygenase domain 
4,Nitrile hydratase alpha chain 
20,Nitrite and sulphite reductase 4Fe-4S domain-like 
12,NitriteSulfite reductase N-terminal domain-like 
3,Nitrogenase accessory factor-like 
191,Nitrous oxide reductase- N-terminal domain 
1,NMB0513-like 
11,NOB1 zinc finger-like 
4,Non-globular alpha+beta subunits of globular proteins 
5,Non-heme 11 kDa protein of cytochrome bc1 complex (Ubiquinol-cytochrome c reductase) 
12,Nop10-like SnoRNP 
4,Nop domain 
2,NosLMerB-like 
7,Notch domain 
3,Nqo1C-terminal domain-like 
1,Nqo1 FMN-binding domain-like 
1,Nqo1 middle domain-like 
1,Nqo5-like 
1,NRDP1 C-terminal domain-like 
1,Ns1 effector domain-like 
6,NSFL1 (p97 ATPase) cofactor p47- SEP domain 
1,N-terminal- cytoplasmic domain of anti-sigmaE factor RseA 
5,N-terminal domain of adenylylcyclase associated protein- CAP 
3,N-terminal domain of alpha and beta subunits of F1 ATP synthase 
1,N-terminal domain of bifunctional PutA protein 
3,N-terminal domain of cbl (N-cbl) 
2,N-terminal domain of DnaB helicase 
1,N-terminal domain of eukaryotic peptide chain release factor subunit 1- ERF1 
6,N-terminal domain of MutM-like DNA repair proteins 
3,N-terminal domain of the delta subunit of the F1F0-ATP synthase 
6,N-terminal- heterodimerisation domain of RBP7 (RpoE) 
59,N-terminal nucleophile aminohydrolases (Ntn hydrolases) 
13,N-terminal Zn binding domain of HIV integrase 
55,NTF2-like 
5,Nuclear receptor coactivator interlocking domain 
48,Nuclear receptor ligand-binding domain 
1,Nuclease A inhibitor (NuiA) 
185,Nucleic acid-binding proteins 
4,Nucleocapsid protein dimerization domain 
3,Nucleoplasmin-like core domain 
7,Nucleoporin domain 
15,Nucleoside diphosphate kinase- NDK 
3,Nucleoside hydrolase 
9,Nucleoside phosphorylasephosphoribosyltransferase catalytic domain 
9,Nucleoside phosphorylasephosphoribosyltransferase N-terminal domain 
126,Nucleotide-binding domain 
20,Nucleotide cyclase 
97,Nucleotide-diphospho-sugar transferases 
35,Nucleotidyltransferase 
2,Nucleotidyltransferase substrate binding subunitdomain 
80,Nucleotidylyl transferase 
53,Nudix 
1,NusB-like 
3,N-utilization substance G protein NusG- N-terminal domain 
9,Obg GTP-binding protein C-terminal domain 
2,Obg GTP-binding protein N-terminal domain 
3,Olfactory marker protein 
1,Oligosaccharyltransferase subunit ost4p 
13,Oligoxyloglucan reducing end-specific cellobiohydrolase 
72,omega toxin-like 
5,OmpA-like 
1,OMPA-like 
3,OmpH-like 
1,OMPT-like 
3,Oncogene products 
1,Orange carotenoid protein- N-terminal domain 
15,Orange domain-like 
8,Origin of replication-binding domain- RBD-like 
8,OsmC-like 
245,Outer arm dynein light chain 1 
5,Outer membrane efflux proteins (OEP) 
1,Oxidoreductase molybdopterin-binding domain 
12,Oxysterol-binding protein-like 
2,P40 nucleoprotein 
50,p53-like transcription factors 
4,p53 tetramerization domain 
1,PA1123-like 
1,PA1994-like 
6,PABC (PABP) domain 
20,PA domain 
8,PAH2 domain 
3,PAPArchaeal CCA-adding enzyme- C-terminal domain 
8,PapD-like 
19,PAPOAS1 substrate-binding domain 
2,ParBSulfiredoxin 
10,PAZ domain 
3,PCD-like 
5,P-domain of calnexincalreticulin 
171,PDZ domain-like 
4,PEBP-like 
7,Pectin lyase-like 
4,Penicillin-binding protein 2x (pbp-2x)- c-terminal domain 
1,Penicillin-binding protein associated domain 
6,Pentapeptide repeat-like 
20,Pentein 
22,PEP carboxykinase-like 
7,PEP carboxykinase N-terminal domain 
2,PEPPE dimer-like 
1,Pepsin inhibitor-3 
45,Peptidaseesterase gauge domain 
4,Peptide deformylase 
4,Peptide methionine sulfoxide reductase 
7,Peptidylarginine deiminase Pad4- middle domain 
6,Peptidyl-tRNA hydrolase domain-like 
3,Peptidyl-tRNA hydrolase II 
1,Peptidyl-tRNA hydrolase-like 
1,Perfringolysin 
8,Peripheral subunit-binding domain of 2-oxo acid dehydrogenase complex 
64,Periplasmic binding protein-like I 
83,Periplasmic binding protein-like II 
4,Periplasmic chaperone C-domain 
7,PetG subunit of the cytochrome b6f complex 
2,PetL subunit of the cytochrome b6f complex 
2,PetM subunit of the cytochrome b6f complex 
2,PetN subunit of the cytochrome b6f complex 
1,PF0523-like 
9,PFL-like glycyl radical enzymes 
1,PG0816-like 
30,PGBD-like 
2,PH0987 N-terminal domain-like 
1,Phage fibre proteins 
2,Phage tail proteins 
11,Phase 1 flagellin 
477,PH domain-like 
3,Phenylalanine zipper 
2,Pheromone-binding domain of LuxR-like quorum-sensing transcription factors 
1,Pheromone ER-23 
3,PheTTilS domain 
2,PHL pollen allergen 
4,PHMPNGase F 
13,Phoshotransferaseanion transport protein 
16,Phosphoenolpyruvatepyruvate domain 
6,Phosphofructokinase 
7,Phosphoglucomutase- C-terminal domain 
7,Phosphoglucomutase- first 3 domains 
7,Phosphoglycerate kinase 
27,Phosphoglycerate mutase-like 
2,Phosphohistidine domain 
12,Phospholipase A2- PLA2 
1,Phospholipase CP1 nuclease 
17,Phospholipase Dnuclease 
1,Phosphoprotein M1- C-terminal domain 
14,Phosphotyrosine protein phosphatases I 
134,(Phosphotyrosine protein) phosphatases II 
2,Photosystem II 10 kDa phosphoprotein PsbH 
1,Photosystem II antenna protein-like 
2,Photosystem II reaction center protein I- PsbI 
2,Photosystem II reaction center protein J- PsbJ 
3,Photosystem II reaction center protein L- PsbL 
5,Photosystem II reaction center protein M- PsbM 
4,Photosystem II reaction center protein T- PsbT 
5,Photosystem II reaction centre subunit H- transmembrane region 
1,Photosystem I reaction center subunit XI- PsaL 
3,PhoU-like 
2,PHP14-like 
9,PHP domain-like 
12,Pili subunits 
2,PilZ domain-like 
24,PIN domain-like 
7,PK beta-barrel domain-like 
9,PK C-terminal domain-like 
9,PKD domain 
9,Plakin repeat 
12,Plant inhibitors of proteinases and amylases 
3,Plant lectinsantimicrobial peptides 
31,PLC-like phosphodiesterases 
37,Plexin repeat 
1267,P-loop containing nucleoside triphosphate hydrolases 
11,PLP-binding barrel 
134,PLP-dependent transferases 
1,Plus3-like 
11,PMP inhibitors 
11,Polo-box domain 
1,Poly(A) polymerase catalytic subunit-like 
4,Poly A polymerase C-terminal region-like 
5,Polynucleotide phosphorylaseguanosine pentaphosphate synthase (PNPaseGPSI)- domain 3 
1,Porins 
5,Porphobilinogen deaminase (hydroxymethylbilane synthase)- C-terminal domain 
9,Positive stranded ssRNA viruses 
24,post-AAA+ oligomerization domain-like 
3,post-HMGL domain-like 
196,POZ domain 
20,PP2C-like 
16,PR-1-like 
3,PRC-barrel domain 
46,PreATP-grasp domain 
1,Precorrin-8X methylmutase CbiCCobH 
47,Prefoldin 
5,Preprotein translocase SecE subunit 
2,Preprotein translocase SecY subunit 
3,Pre-PUA domain 
5,PriAYqbF domain 
4,Prim-pol domain 
1,Prion-like 
3,Prismane protein-like 
6,Probable ACP-binding domain of malonyl-CoA ACP transacylase 
4,Probable bacterial effector-binding domain 
2,Probable GTPase Der- C-terminal domain 
5,Profilin (actin-binding protein) 
2,Proguanylin 
2,Prokaryotic ribosomal protein L17 
2,Prokaryotic SH3-related domain 
3,Prokaryotic type I DNA topoisomerase 
38,Prokaryotic type KH domain (KH-domain type II) 
21,Protease propeptidesinhibitors 
4,Proteasome activator 
570,Protein kinase-like (PK-like) 
1,Protein-L-isoaspartyl O-methyltransferase- C-terminal domain 
152,Protein prenylyltransferase 
8,Protein serinethreonine phosphatase 2C- C-terminal domain 
7,Proton glutamate symport protein 
10,Protozoan pheromone proteins 
3,PRP4-like 
6,PrpR receptor domain-like 
35,PRTase-like 
14,PsbUPolX domain-like 
2,PsbZ-like 
257,Pseudo ankyrin repeat-like 
15,Pseudouridine synthase 
2,PSTPO5379-like 
2,PTPA-like 
1,PTS IIb component 
1,PTS-regulatory domain- PRD 
4,PTS system fructose IIA component-like 
10,PTS system IIB component-like 
41,PUA domain-like 
5,PUG domain-like 
9,Purine and uridine phosphorylases 
14,PurM C-terminal domain-like 
10,PurM N-terminal domain-like 
7,Purple acid phosphatase- N-terminal domain 
7,PurS-like 
2,Putative anticodon-binding domain of alanyl-tRNA synthetase (AlaRS) 
40,Putative DNA-binding domain 
308,Putative isomerase YbhE 
5,Putative methyltransferase TM0872- insert domain 
3,Putative transcriptional regulator TM1602- C-terminal domain 
4,PWI domain 
56,PX domain 
2,Pym (Within the bgcn gene intron protein- WIBG)- N-terminal domain 
58,PYP-like sensor domain (PAS domain) 
1,Pyridoxine 5-phosphate synthase 
4,Pyrimidine nucleoside phosphorylase C-terminal domain 
4,Pyrrolidone carboxyl peptidase (pyroglutamate aminopeptidase) 
1,Pyruvate-ferredoxin oxidoreductase- PFOR- domain III 
2,Pyruvoyl-dependent histidine and arginine decarboxylases 
1,QueA-like 
1,Quinohemoprotein amine dehydrogenase A chain- domain 3 
1,Quinohemoprotein amine dehydrogenase C chain 
67,Quinoprotein alcohol dehydrogenase-like 
2,R1 subunit of ribonucleotide reductase- N-terminal domain 
13,R3H domain 
3,Rabenosyn-5 Rab-binding domain-like 
1,Rab geranylgeranyltransferase alpha-subunit- insert domain 
21,Rad51 N-terminal domain-like 
20,Radical SAM enzymes 
48,Ran binding protein zinc finger-like 
1,Ran-GTPase activating protein 1 (RanGAP1)- C-terminal domain 
4,Rap3074 interaction domains 
1,RAP domain-like 
11,RapRan-GAP 
27,Ras GEF 
6,RBP11-like subunits of RNA polymerase 
3,RbsD-like 
22,RCC1BLIP-II 
5,RecA protein- C-terminal domain 
1,Receptor-binding domain of short tail fibre protein gp12 
2,RecG- N-terminal domain 
4,Recombination protein RecR 
42,Regulator of G-protein signaling- RGS 
3,Regulatory protein AraC 
1,RelB-like 
13,Release factor 
3,RelE-like 
2,Replication modulator SeqA- C-terminal DNA-binding domain 
2,Replication terminator protein (Tus) 
3,Replisome organizer (g39p helicase loaderinhibitor protein) 
1,Resistin 
1,Respiratory nitrate reductase 1 gamma chain 
25,Restriction endonuclease-like 
13,Retroviral matrix proteins 
62,Retrovirus capsid dimerization domain-like 
2,Retrovirus capsid protein- N-terminal core domain 
68,Retrovirus zinc finger-like domains 
4,RGC domain-like 
63,RhodaneseCell cycle control phosphatase 
13,Rhomboid-like 
3,RibA-like 
11,Ribbon-helix-helix 
5,Riboflavin kinase-like 
35,Riboflavin synthase domain-like 
28,Ribokinase-like 
98,Ribonuclease H-like 
15,Ribonuclease PH domain 2-like 
2,Ribonuclease Rh-like 
2,RiboseGalactose isomerase RpiBAlsB 
2,Ribosomal L11L12e N-terminal domain 
6,Ribosomal L27 protein-like 
3,Ribosomal protein L1 
4,Ribosomal protein L10-like 
2,Ribosomal protein L11- C-terminal domain 
4,Ribosomal protein L13 
2,Ribosomal protein L14 
3,Ribosomal protein L16pL10e 
1,Ribosomal protein L19 (L19e) 
2,Ribosomal protein L20 
2,Ribosomal protein L22 
5,Ribosomal protein L25-like 
1,Ribosomal protein L29 (L29p) 
5,Ribosomal protein L30pL7e 
1,Ribosomal protein L31e 
1,Ribosomal protein L32e 
1,Ribosomal protein L36 
4,Ribosomal protein L39e 
4,Ribosomal protein L4 
1,Ribosomal protein L6 
3,Ribosomal protein L712- oligomerisation (N-terminal) domain 
1,Ribosomal protein L9 C-domain 
5,Ribosomal protein S10 
5,Ribosomal protein S16 
4,Ribosomal protein S18 
2,Ribosomal protein S19 
2,Ribosomal protein S2 
1,Ribosomal protein S3 C-terminal domain 
64,Ribosomal protein S5 domain 2-like 
3,Ribosomal protein S6 
2,Ribosomal protein S7 
3,Ribosomal protein S8 
5,Ribosomal proteins L15p and L18e 
8,Ribosomal proteins S24e- L23 and L15e 
2,Ribosome-binding factor A- RbfA 
2,Ribosome binding protein Y (YfiA homologue) 
2,Ribosome inactivating proteins (RIP) 
4,Ribosome recycling factor- RRF 
38,Ribulose-phoshate binding barrel 
34,Ricin B-like lectins 
597,RINGU-box 
3,RL5-like 
51,RmlC-like cupins 
2,RNA 3-terminal phosphate cyclase- RPTC- insert domain 
313,RNA-binding domain- RBD 
9,RNA polymerase subunit RPB10 
54,RNA polymerase subunits 
17,RNase A-like 
5,RNase III domain-like 
262,RNI-like 
2,Rnp2-like 
8,RoadblockLC7 domain 
4,RofRNase P subunit-like 
1,Rotavirus NSP2 fragment- C-terminal domain 
3,RPA2825-like 
8,RPB5-like RNA polymerase subunit 
1,RPB6omega subunit-like 
1,RplX-like 
1,Rps17e-like 
5,RuBisCo- C-terminal domain 
2,RuBisCO- large subunit- small (N-terminal) domain 
7,RuBisCo LSMT C-terminal- substrate-binding domain 
1,RuBisCO- small subunit 
474,Rubredoxin-like 
14,Rudiment single hybrid motif 
20,RUN domain-like 
47,RuvA domain 2-like 
1,Rv1873-like 
1,Rv2827c C-terminal domain-like 
13,S13-like H2TH domain 
9,S15NS1 RNA-binding domain 
370,S-adenosyl-L-methionine-dependent methyltransferases 
4,S-adenosylmethionine decarboxylase 
8,S-adenosylmethionine synthetase 
20,SAICAR synthase-like 
1,Sama2622-like 
147,SAMPointed domain 
19,SAND domain-like 
34,SAP domain 
14,Saposin 
1,SARS Nsp1-like 
4,Satiety factor CART (cocaine and amphetamine regulated transcript) 
2,SBT domain 
49,Scorpion toxin-like 
8,SCP-like 
7,SEA domain 
9,Sec1munc18-like (SM) proteins 
14,Sec63 N-terminal domain-like 
15,Sec7 domain 
10,Sec-C motif 
54,Second domain of FERM 
13,Second domain of Mu2 adaptin subunit (ap50) of ap2 adaptor 
25,Sema domain 
10,Sensory domain-like 
3,Serine metabolism enzymes domain 
33,Serine protease inhibitors 
36,Serpins 
7,Serum albumin-like 
56,SET domain 
7,Seven-hairpin glycosidases 
21,SGNH hydrolase 
133,SH2 domain 
239,SH3-domain 
2,Shew3726-like 
13,Sialidases 
9,Sigma2 domain of RNA polymerase sigma factors 
91,Sigma3 and sigma4 domains of RNA polymerase sigma factors 
4,Signal peptide-binding domain 
2,Signal recognition particle alu RNA binding heterodimer- SRP914 
16,Single hybrid motif 
5,SinR repressor dimerisation domain-like 
2,SirA-like 
1,Siroheme synthase middle domains-like 
13,SIS domain 
24,Six-hairpin glycosidases 
9,Skp1 dimerisation domain-like 
2,Smacdiablo 
64,SMADFHA domain 
8,SMAD MH1 domain 
5,Small-conductance potassium channel 
3,SMc04008-like 
7,Smc hinge domain 
5,SMI1KNR4-like 
32,Sm-like ribonucleoproteins 
2,Smp-1-like 
3,SMR domain-like 
35,Snake toxin-like 
30,SNARE-like 
19,SNF-like 
1,SO2669-like 
40,SOCS box-like 
4,Soluble domain of poliovirus core protein 3a 
35,Soluble quinoprotein glucose dehydrogenase 
9,Somatomedin B domain 
3,Sortase 
9,SP0561-like 
63,Spectrin repeat 
48,Spermadhesin- CUB domain 
6,SPOC domain-like 
14,SpoIIaa-like 
1,Sporulation inhibitor Sda 
3,Sporulation related repeat 
37,Sporulation response regulatory protein Spo0B 
1,SpoVG-like 
24,SRCR-like 
8,SRF-like 
3,SRP19 
3,ssDNA-binding transcriptional regulator domain 
1,ssDNA viruses 
1,SSo0622-like 
2,SspB-like 
2,Staphylocoagulase 
5,Staphylococcal nuclease 
2,Staphylokinasestreptokinase 
21,Starch-binding domain-like 
11,STAT 
10,Stathmin 
10,Subdomain of clathrin and coatomer appendage domain 
2,Substrate-binding domain of HMG-CoA reductase 
11,Subtilisin-like 
1,Subunit III of photosystem I reaction centre- PsaF 
5,Subunit IX of photosystem I reaction centre- PsaJ 
7,Subunits of heterodimeric actin filament capping protein Capz 
4,Subunit VIII of photosystem I reaction centre- PsaI 
1,Subunit XI (6.4 kDa protein) of cytochrome bc1 complex (Ubiquinol-cytochrome c reductase) 
3,Subunit X (non-heme 7 kDa protein) of cytochrome bc1 complex (Ubiquinol-cytochrome c reductase) 
12,Succinate dehydrogenasefumarate reductase flavoprotein- catalytic domain 
3,Succinate dehydrogenasefumarate reductase flavoprotein C-terminal domain 
7,Succinyl-CoA synthetase domains 
8,SufENifU 
1,Sulfolobus fructose-1-6-bisphosphatase-like 
1,Superantigen MAM 
12,Supernatant protein factor (SPF)- C-terminal domain 
1,Superoxide reductase-like 
1,SurE-like 
8,Surp module (SWAP domain) 
11,SWIBMDM2 domain 
1,Ta0600-like 
1,Ta1353-like 
3,Tachylectin-2 
2,Taf5 N-terminal domain-like 
9,TAFH domain-like 
2,TAF(II)230 TBP-binding fragment 
7,TATA-box binding protein-like 
24,TautomeraseMIF 
3,TAZ domain 
10,TB module8-cys domain 
85,TBP-interacting protein-like 
2,Telomeric repeat binding factor (TRF) dimerisation domain 
4,TerB-like 
23,Terpenoid cyclasesProtein prenyltransferases 
9,Terpenoid synthases 
19,Tetracyclin repressor-like- C-terminal domain 
6,Tetrahydrobiopterin biosynthesis enzymes-like 
10,Tetrapyrrole methylase 
13,Tetraspanin 
2,Tex N-terminal region-like 
4,TFB5-like 
13,TGS-like 
3,Thermophilic metalloprotease-like 
3,Thermostable phytase (3-phytase) 
4,The spindle assembly checkpoint protein mad2 
35,Thiamin diphosphate-binding fold (THDP-binding) 
14,Thiamin phosphate synthase 
3,Thiamin pyrophosphokinase- catalytic domain 
3,Thiamin pyrophosphokinase- substrate-binding domain 
11,ThiG-like 
38,Thioesterasethiol ester dehydrase-isomerase 
44,Thiolase-like 
1,Thiol:disulfide interchange protein DsbD- N-terminal domain (DsbD-alpha) 
348,Thioredoxin-like 
16,ThrRSAlaRS common domain 
5,THUMP domain-like 
3,Thymidylate synthasedCMP hydroxymethylase 
16,Thyroglobulin type-1 domain 
10,Tim10-like 
30,TIMP-like 
14,TK C-terminal domain-like 
1,TM1457-like 
1,TM1646-like 
41,TNF-like 
56,TNF receptor-like 
4,TolATonB C-terminal domain 
153,TolB- C-terminal domain 
4,TolB- N-terminal domain 
23,TollInterleukin receptor TIR domain 
1,TorD-like 
224,TPR-like 
2,TRADD- N-terminal domain 
31,TRAF domain-like 
4,Transcription factor IIA (TFIIA)- alpha-helical domain 
6,Transcription factor IIA (TFIIA)- beta-barrel domain 
1,Transcription factor NusA- N-terminal domain 
10,Transcription factor STAT-4 N-domain 
17,Transducin (alpha subunit)- insertion domain 
22,Transducin (heterotrimeric G protein)- gamma chain 
13,Transferrin receptor-like dimerisation domain 
13,Transglutaminase- two C-terminal domains 
163,(Trans)glycosidases 
14,Translational machinery components 
3,Translation initiation factor 2 beta- aIF2beta- N-terminal domain 
2,Translation initiation factor IF3- C-terminal domain 
1,Translation initiation factor IF3- N-terminal domain 
42,Translation proteins 
24,Translation proteins SH3-like domain 
4,Translin 
3,Transmembrane di-heme cytochromes 
5,Transposase IS200-like 
5,Transthyretin (synonym: prealbumin) 
15,Trefoil 
309,Tricorn protease domain 2 
135,Tricorn protease N-terminal domain 
3,Triger factorSurA peptide-binding domain-like 
17,Trimeric LpxA-like enzymes 
9,Triosephosphate isomerase (TIM) 
5,TrkA C-terminal domain-like 
17,Trm112p-like 
3,TrmE connector domain 
32,tRNA-binding arm 
4,tRNA-guanine transglycosylase 
3,tRNA-intron endonuclease catalytic domain-like 
3,tRNA-intron endonuclease N-terminal domain-like 
5,TROVE domain-like 
7,TrpR-like 
132,Trypsin-like serine proteases 
28,Tryptophan synthase beta subunit-like PLP-dependent enzymes 
41,t-snare proteins 
51,TSP-1 type 1 repeat 
5,TSP type-3 repeat 
2,TT1751-like 
1,TTHA0068-like 
2,TTHA1013TTHA0281-like 
1,TTHA1528-like 
1,TTP0101SSO1404-like 
11,Tubby C-terminal domain-like 
4,Tubulin chaperone cofactor A 
24,Tubulin C-terminal domain-like 
33,Tubulin nucleotide-binding domain-like 
94,TudorPWWPMBT 
1,Type I dockerin domain 
3,Type II 3-dehydroquinate dehydratase 
12,Type II DNA topoisomerase C-terminal domain-like 
7,Type III secretory system chaperone-like 
2,Typo IV secretion system protein TraC 
129,UBA-like 
68,UBC-like 
1,Ubiquinone-binding protein QP-C of cytochrome bc1 complex (Ubiquinol-cytochrome c reductase) 
268,Ubiquitin-like 
9,UDP-glucoseGDP-mannose dehydrogenase C-terminal domain 
87,UDP-Glycosyltransferaseglycogen phosphorylase 
2,Undecaprenyl diphosphate synthase 
8,Uracil-DNA glycosylase-like 
3,UraD-Like 
2,Urease metallochaperone UreE- C-terminal domain 
1,Uridine diphospho-N-Acetylenolpyruvylglucosamine reductase- MurB- C-terminal domain 
2,Urocanase 
5,URODMetE-like 
4,USP8 N-terminal domain-like 
12,Uteroglobin-like 
4,Vacuolar ATP synthase subunit C 
8,ValRSIleRSLeuRS editing domain 
4,Vanabin-like 
2,VC0467-like 
4,VHL 
10,VHP- Villin headpiece domain 
3,VhTI-like 
2,Viral DNA-binding domain 
1,Viral glycoprotein- central and dimerisation domains 
2,Viral leader polypeptide zinc finger 
3,Viral protein domain 
1,Viral ssDNA binding protein 
1,Virulence-associated V antigen 
52,Vitelline membrane outer protein-I (VMO-I) 
1,Vng1086c-like 
140,Voltage-gated potassium channels 
2,VPS28 C-terminal domain-like 
11,VPS9 domain 
3,V-type ATPase subunit E-like 
2,V-type ATP synthase subunit C 
94,vWA-like 
369,WD40 repeat-like 
4,WGR domain-like 
492,"Winged helix" DNA-binding domain 
10,Wiscott-Aldrich syndrome protein- WASP- C-terminal domain 
2,WRKY DNA-binding domain 
67,WW domain 
14,WWE domain 
1,XCC0632-like 
2,XkdW-like 
7,XPC-binding domain 
2,XRCC4- N-terminal domain 
25,Xylose isomerase-like 
2,YaeB-like 
1,YAP1 redox domain 
5,YbaB-like 
1,YbaKProRS associated domain 
9,YbeDHP0495-like 
1,YbiA-like 
5,YbjQ-like 
2,YccV-like 
4,YcfAnrd intein domain 
2,YcgL-like 
1,YdfO-like 
9,YdhG-like 
1,Yeast killer toxins 
4,YebC-like 
2,YeeU-like 
4,YefM-like 
42,YfgJ-like 
1,YgaCTfoX-N like 
2,YgfY-like 
1,YggU-like 
2,YggX-like 
4,YhbC-like- C-terminal domain 
3,YheAYmcA-like 
7,YjbR-like 
5,YjeF N-terminal domain-like 
8,YjgF-like 
1,YlxR-like 
2,YnzC-like 
1,YorP-like 
2,YozE-like 
1,YppE-like 
56,YptRab-GAP domain of gyp1p 
5,YrdCRibB 
1,YugE-like 
1,YvfG-like 
354,YVTN repeat-likeQuinoprotein amine dehydrogenase 
71,YWTD domain 
358,Zinc beta-ribbon 
23,Zinc-binding domain of translation initiation factor 2 beta 
2,Zinc domain conserved in yeast copper-regulated transcription factors 
3,Zinc finger domain of DNA polymerase-alpha 
23,Zinc hairpin stack 
13,Zn aminopeptidase N-terminal domain 
130,Zn-binding ribosomal proteins 
67,Zn-dependent exopeptidases 
21,Zn-finger domain of Sec2324 
