3,1-3-glucuronyltransferase 
7,14-3-3 protein 
1,14 kDa protein of cytochrome bc1 complex (Ubiquinol-cytochrome c reductase) 
18,2-3-Bisphosphoglycerate-independent phosphoglycerate mutase- catalytic domain 
1,2-3-Bisphosphoglycerate-independent phosphoglycerate mutase- substrate-binding domain 
1,2-3-cyclic nucleotide 3-phosphodiesterase- catalytic domain 
5,2-5-oligoadenylate synthetase 1- OAS1- N-terminal domain 
3,2-5-oligoadenylate synthetase 1- OAS1- second domain 
4,2-5 RNA ligase LigT 
103,2-6-dihydropseudooxynicotine hydrolase-like 
256,28-residue LRR 
8,2Fe-2S ferredoxin domains from multidomain proteins 
4,2Fe-2S ferredoxin-related 
1,2-methylcitrate dehydratase PrpD 
153,3-carboxy-cis-cis-mucoante lactonizing enzyme 
4,3-demethylubiquinone-9 3-methyltransferase 
1,3-hydroxyanthranilic acid dioxygenase-like 
1,3-methyladenine DNA glycosylase (AAG- ANPG- MPG) 
4,3-Methyladenine DNA glycosylase III (MagIII) 
5,4-alpha-glucanotransferase- N-terminal domain 
1,4-(cytidine 5-diphospho)-2C-methyl-D-erythritol kinase IspE 
9,4HBT-like 
1,4-oxalocrotonate tautomerase-like 
1,4-Phosphopantetheinyl transferase SFP 
15,53BP1 
5,5(3)-deoxyribonucleotidase (dNT-2) 
1,5-aminolaevulinate dehydratase- ALAD (porphobilinogen synthase) 
6,5 nucleotidase-like 
1,5-nucleotidase (syn. UDP-sugar hydrolase)- C-terminal domain 
10,5-nucleotidase (syn. UDP-sugar hydrolase)- N-terminal domain 
9,5 to 3 exonuclease catalytic domain 
4,5 to 3 exonuclease- C-terminal subdomain 
383,6-phosphofructo-2-kinase/fructose-2-6-bisphosphatase- kinase domain 
12,6-phosphofructo-2-kinase/fructose-2-6-bisphosphatase- phosphatase domain 
127,6-phosphogluconate dehydrogenase-like- N-terminal domain 
1,6-pyruvoyl tetrahydropterin synthase 
4,7-Fe ferredoxin 
7,A20-like zinc finger 
1,AadK N-terminal domain-like 
47,AAT-like 
1,ABC-transporter additional domain 
497,ABC transporter ATPase domain-like 
25,ABC transporter transmembrane region 
2,AbfB domain 
2,ACDE2-like 
49,Acetylcholinesterase-like 
27,Acetyl-CoA synthetase-like 
7,Acetylhydrolase 
93,Acetyl xylan esterase-like 
3,Achaeal helicase C-terminal domain 
2,Acireductone dioxygenase 
97,Aclacinomycin methylesterase RdmC 
3,Aconitase iron-sulfur domain 
1,Actin-fragmin kinase- catalytic domain 
53,Actin/HSP70 
2,Activator of Hsp90 ATPase- Aha1 
4,Acyl-ACP thioesterase-like 
97,Acylamino-acid-releasing enzyme- C-terminal donain 
6,Acyl-carrier protein (ACP) 
10,Acyl-CoA binding protein 
15,acyl-CoA oxidase C-terminal domains 
15,acyl-CoA oxidase N-terminal domains 
2,Acyl-CoA thioesterase 
3,Acylphosphatase-like 
98,AD-003 protein-like 
3,Adapter protein APS- dimerisation domain 
2,Adaptor protein ClpS (YljA) 
7,Adenain-like 
4,Adenine deaminase 
9,Adenine deaminase-like 
422,Adenosine-5phosphosulfate kinase (APS kinase) 
7,Adenosine/AMP deaminase 
19,Adenylyl and guanylyl cyclase catalytic domain 
8,Adenylyltransferase 
23,A DNA-binding domain in eukaryotic transcription factors 
1,a domain/subunit of cytochrome bc1 complex (Ubiquinol-cytochrome c reductase) 
15,ADPRibase-Mn-like 
3,ADP-ribosylating toxins 
2,ADP ribosyl cyclase-like 
3,ADP-ribosylglycohydrolase 
2,ADP-specific Phosphofructokinase/Glucokinase 
2,AF1104-like 
1,AF1403 N-terminal domain-like 
1,AF1437-like 
1,AF1531-like 
1,AFP III-like domain 
1,AgoG-like 
2,Agouti-related protein 
3,A heparin-binding domain 
2,AHSA1 domain 
5,Alanine racemase-like- N-terminal domain 
8,AlaX-like 
3,AlaX-M N-terminal domain-like 
111,Alcohol dehydrogenase-like- C-terminal domain 
20,Alcohol dehydrogenase-like- N-terminal domain 
19,ALDH-like 
21,Aldo-keto reductases (NADP) 
1,Aldose 1-epimerase (mutarotase) 
1,Alginate lyase A1-III 
6,Alkaline phosphatase 
10,AlkB-like 
5,Alkylsulfatase C-terminal domain-like 
12,Alkylsulfatase-like 
162,All0351-like 
1,Allantoicase repeat 
1,Allene oxide synthase 
3,alpha-1-3-galactosyltransferase-like 
12,Alpha-2-3/8-sialyltransferase CstII 
4,Alpha-adaptin ear subdomain-like 
7,alpha-Amylases- C-terminal beta-sheet domain 
9,alpha-catenin/vinculin 
1,alpha-D-glucuronidase/Hyaluronidase catalytic domain 
1,Alpha-hemoglobin stabilizing protein AHSP 
29,alpha-ketoacid dehydrogenase kinase- C-terminal domain 
5,alpha-ketoacid dehydrogenase kinase- N-terminal domain 
11,Alpha-macroglobulin receptor domain 
6,alpha-mannosidase 
5,alpha-mannosidase- C-terminal domain 
5,alpha-mannosidase- domain 2 
8,alpha-Subunit of urease 
13,Alpha-toxin- C-terminal domain 
3,AMB4284-like 
6,Ameobapore A 
5,Amidase signature (AS) enzymes 
2,A middle domain of Talin 1 
3,Amidinotransferase 
3,Amine oxidase catalytic domain 
3,Amine oxidase N-terminal region 
121,Aminoacid dehydrogenase-like- C-terminal domain 
2,Aminoacid dehydrogenases 
6,Aminomethyltransferase beta-barrel domain 
5,Aminomethyltransferase folate-binding domain 
1,Aminopeptidase/glucanase lid domain 
2,AMMECR1-like 
5,Ammonium transporter 
3,AMPK-beta glycogen binding domain-like 
2,AMPKBI-like 
1,AmyC N-terminal domain-like 
29,Amylase- catalytic domain 
3,Amyloid beta a4 protein copper binding domain (domain 2) 
19,AN1-like Zinc finger 
4,Anaphylotoxins (complement system) 
6,Animal lipoxigenases 
10,Anion transport protein- cytoplasmic domain 
259,Ankyrin repeat 
13,Annexin 
1,An Obfc1 domain 
88,A novel bacterial esterase 
9,Antibiotic resistance proteins 
6,Anticodon-binding domain 
13,Anticodon-binding domain of a subclass of class I aminoacyl-tRNA synthetases 
11,Anticodon-binding domain of Class II aaRS 
2,Anticodon-binding domain of PheRS 
11,Anti-sigma factor antagonist SpoIIaa 
1,Anti-sigma factor AsiA 
2,ApaG-like 
41,APC10-like 
6,APG12-like 
332,APH phosphotransferases 
2,apo-D-alanyl carrier protein 
1,Apolipophorin-III 
10,Apolipoprotein 
1,Apyrase 
16,Aquaporin-like 
6,AraC type transcriptional activator 
4,AraD-like aldolase/epimerase 
31,Arc1p N-terminal domain-like 
4,Archaeal ferredoxins 
63,Archaeal histone 
10,Archaeal tRNA CCA-adding enzyme catalytic domain 
48,Arfaptin- Rac-binding fragment 
3,Arginase-like amidino hydrolases 
3,Arginine deiminase 
100,Arginine methyltransferase 
1,Arginine repressor (ArgR)- N-terminal DNA-binding domain 
1,Argininosuccinate synthetase- C-terminal domain 
2,Arginyl-tRNA synthetase (ArgRS)- N-terminal additional domain 
15,ARID domain 
151,Armadillo repeat 
4,Aromatic aminoacid monoxygenases- catalytic and oligomerization domains 
2,Aromatic compound dioxygenase 
20,Aromatic dioxygenase reductase-like 
2,Arp2/3 complex 16 kDa subunit ARPC5 
1,Arp2/3 complex 21 kDa subunit ARPC3 
2,Arp2/3 complex subunits 
10,Arrestin/Vps26-like 
4,ArsC-like 
7,ArsR-like transcriptional regulators 
2,Arylamine N-acetyltransferase 
95,Arylamine N-methyltransferase 
18,Arylsulfatase 
2,ASF1-like 
22,Asparaginyl hydroxylase-like 
3,Aspartate carbamoyltransferase- Regulatory-chain- C-terminal domain 
1,Aspartate/glutamate racemase 
5,Aspartate/ornithine carbamoyltransferase 
4,Association domain of calcium/calmodulin-dependent protein kinase type II alpha subunit- CAMK2A 
43,Astacin 
11,AstE/AspA-like 
4,At5g01750-like 
17,ATI-like 
1,ATP12-like 
3,ATPase domain of dehydratase reactivase alpha subunit 
33,ATP-binding domain of peptide synthetases 
4,ATP-dependent DNA ligase catalytic domain 
3,ATP-dependent DNA ligase DNA-binding domain 
2,ATP-dependent protease Lon (La)- catalytic domain 
1,ATP-dependent riboflavin kinase-like 
1,AtpF-like 
5,ATP sulfurylase catalytic domain 
477,ATP sulfurylase C-terminal domain 
2,ATP sulfurylase N-terminal domain 
1,ATP synthase B chain-like 
1,ATP synthase D chain-like 
1,ATP synthase (F1-ATPase)- gamma subunit 
5,a tRNA synthase domain 
3,Atu0492-like 
3,Atu0741-like 
2,Atu0742-like 
1,Atu1540-like 
93,Atu1826-like 
1,Atu2648/PH1033-like 
2,Atu2684-like 
585,Atu3015-like 
9,Autoinducer synthetase 
4,Autophagin-like 
13,Ava3068-like 
6,AXH domain 
1,B12-dependent (class II) ribonucleotide reductase 
2,B3/B4 domain of PheRS- PheT 
5,B56-like 
18,Bacterial dinuclear zinc exopeptidases 
3,Bacterial exopeptidase dimerisation domain 
6,Bacterial glucoamylase C-terminal domain-like 
94,Bacterial lipase 
1,Bacterial muramidase- catalytic domain 
18,Bacterial PLC 
3,Bacterial tryptophan 2-3-dioxygenase 
10,Bactericidal permeability-increasing protein- BPI 
29,BadF/BadG/BcrA/BcrD-like 
3,BAFF receptor-like 
4,BAG domain 
10,BAH domain 
5,BaiE/LinA-like 
9,Band 7/SPFH domain 
60,BAR domain 
2,Barrier-to-autointegration factor- BAF 
1,Barwin 
1,BB1717-like 
85,B-box zinc-binding domain 
5,BC1024-like 
99,BC2162-like 
24,BC ATP-binding domain-like 
7,BC C-terminal domain-like 
15,Bcl-2 inhibitors of programmed cell death 
22,BC N-terminal domain-like 
1,Bcr-Abl oncoprotein oligomerization domain 
66,BCR-homology GTPase activation domain (BH-domain) 
8,BEACH domain 
8,BED zinc finger 
5,Bee venom hyaluronidase 
17,beta 1-4 galactosyltransferase (b4GalT1) 
19,beta-CASP RNA-metabolising hydrolases 
2,beta-catenin-interacting protein ICAT 
37,Beta-eliminating lyases 
3,beta-Galactosidase/glucuronidase domain 
3,beta-Galactosidase/glucuronidase- N-terminal domain 
3,Beta-galactosidase LacA- domains 4 and 5 
19,beta-glycanases 
1,beta-Lactamase/D-ala carboxypeptidase 
20,beta-lactamase inhibitor protein-II- BLIP-II 
4,beta-N-acetylhexosaminidase catalytic domain 
2,beta-N-acetylhexosaminidase domain 
68,beta-Phosphoglucomutase-like 
6,beta-sandwich domain of Sec23/24 
1,Biliverdin reductase 
97,Biotin biosynthesis protein BioH 
13,Biotin dependent carboxylase carboxyltransferase domain 
2,Biotin holoenzyme synthetase 
1,Biotin repressor (BirA) 
6,Biotin repressor-like 
8,Biotin synthase 
12,Biotinyl/lipoyl-carrier proteins and domains 
1,BLES03-like 
17,Blood coagulation inhibitor (disintegrin) 
1,BLRF2-like 
1,BM-002-like 
3,BolA-like 
23,BphP N-terminal domain-like 
6,Branched-chain alpha-keto acid dehydrogenase beta-subunit- C-terminal-domain 
11,Branched-chain alpha-keto acid dehydrogenase PP module 
9,Branched-chain alpha-keto acid dehydrogenase Pyr module 
1,BRCA2 helical domain 
1,BRCA2 tower domain 
25,BRCT domain 
4,Brix domain 
6,BRK domain-like 
41,Bromodomain 
2,BSD domain 
17,BSTI 
22,BT0354 N-terminal domain-like 
24,BT0820-like 
7,BT2961-like 
100,BTAD-like 
151,BTB/POZ domain 
7,BTG domain-like 
4,BxeB1374-like 
19,C1-like domain 
97,C1 set domains (antibody constant domain-like) 
182,C2HC finger 
364,C2 set domains 
11,C5 cytosine-specific DNA methylase- DCM 
2,C9orf74 homolog 
107,CAC2371-like 
5,CAD domain 
105,Cadherin 
5,CAF1-like ribonuclease 
179,Calbindin D9K 
35,Calcium ATPase- transduction domain A 
26,Calcium ATPase- transmembrane domain M 
242,Calmodulin-like 
4,Calnexin/calreticulin 
15,Calpain large subunit- catalytic domain (domain II) 
13,Calpain large subunit- middle domain (domain III) 
79,Calponin-homology domain- CH-domain 
31,Calsequestrin 
9,CalX-beta domain 
40,cAMP-binding domain 
251,Canonical RBD 
10,Cap-Gly domain 
3,CAPPD- an extracellular domain of amyloid beta A4 protein 
4,Capz alpha-1 subunit 
1,Capz beta-1 subunit 
2,Carbamate kinase 
9,Carbamilase 
2,Carbamoyl phosphate synthetase- large subunit allosteric- C-terminal domain 
2,Carbamoyl phosphate synthetase- large subunit connection domain 
2,Carbamoyl phosphate synthetase- small subunit N-terminal domain 
109,Carbon-carbon bond hydrolase 
15,Carbonic anhydrase 
103,Carboxylesterase 
106,Carboxylesterase/lipase 
109,Carboxylesterase/thioesterase 1 
11,Carboxypeptidase regulatory domain 
21,Carboxypeptidase T 
2,Casein kinase II beta subunit 
1,Caspase-activated DNase- CAD (DffB- DFF40) 
14,Caspase catalytic domain 
28,Caspase recruitment domain- CARD 
3,Catalase- C-terminal domain 
87,Catalytic- N-terminal domain of histone methyltransferase Dot1l 
8,Catalytic subunit of bi-partite nucleotidyltransferase 
3,Catechol oxidase 
22,Cathelicidin motif 
5,Cation efflux protein cytoplasmic domain-like 
10,Cation efflux protein transmembrane domain-like 
4,CAT-like 
1,CBM11 
1,CBM4/9 
183,Cbp40 (plasmodial specific CaII-binding protein LAV1-2) 
20,CBS-domain pair 
50,CCCH zinc finger 
99,Ccg1/TafII250-interacting factor B (Cib) 
7,CCHHC domain 
1,CCP-like 
3,Cdc48 domain 2-like 
4,Cdc48 N-terminal domain-like 
1,CDH-like 
286,Cell cycle arrest protein BUB3 
24,Cell cycle control phosphatase- catalytic domain 
2,Cell cycle regulatory proteins 
11,Cell cycle transcription factor e2f-dp 
21,Centromere-binding 
1,Cgl1923-like 
17,Cgl2762-like 
10,Chalcone synthase-like 
45,Chaperone J-domain 
57,Chemotaxis receptor methyltransferase CheR- C-terminal domain 
6,CheY-related 
3,CHHC finger 
5,Chitinase insertion domain 
461,Chloramphenicol phosphotransferase 
2,Cholecystokinin A receptor- N-domain 
7,Choline/Carnitine O-acyltransferase 
86,Choline kinase 
4,Chondroitinase B 
29,Chromo barrel domain 
27,Chromo domain 
4,CHU142-like 
143,CHY zinc finger 
2,Citrate synthase 
7,Class B acid phosphatase- AphA 
18,Class I aldolase 
5,Class I alpha-1;2-mannosidase- catalytic domain 
19,Class I aminoacyl-tRNA synthetases (RS)- catalytic domain 
877,Classic zinc finger- C2H2 
1,Class I DAHP synthetase 
11,Class I glutamine amidotransferases (GAT) 
23,Class II aminoacyl-tRNA synthetase (aaRS)-like- catalytic domain 
5,Class II glutamine amidotransferases 
1,Class II MHC-associated invariant chain ectoplasmic trimerization domain 
7,Clathrin adaptor appendage- alpha and beta chain-specific domain 
62,Clathrin adaptor core protein 
17,Clathrin coat assembly domain 
3,Clathrin heavy-chain linker domain 
11,Clathrin heavy chain proximal leg segment 
3,Clathrin heavy-chain terminal domain 
2,Clavaminate synthase 
9,Clc chloride channel 
36,Clostridium neurotoxins- the second last domain 
7,Clp protease- ClpP subunit 
7,ClpX chaperone zinc binding domain 
18,CmcI-like 
3,CMD-like 
9,Cna protein B-type domain 
4,CoA-binding domain 
1,CoaB-like 
4,Coatomer appendage domain 
2,CoA transferase alpha subunit-like 
2,CoA transferase beta subunit-like 
2,CoA-transferase family III (CaiB/BaiF) 
1,Cobalamin adenosyltransferase 
4,Cobalamin (vitamin B12)-binding domain 
1,Cobalt chelatase CbiK 
15,Co-chaperone p23-like 
3,CO dehydrogenase flavoprotein C-terminal domain-like 
2,CO dehydrogenase flavoprotein N-terminal domain-like 
3,CO dehydrogenase ISP C-domain like 
2,CO dehydrogenase molybdoprotein N-domain-like 
18,Coenzyme PQQ synthesis protein B- PqqB 
14,Cofactor-dependent phosphoglycerate mutase 
10,Cofilin-like 
42,Cold shock DNA-binding domain-like 
1,Colicin E immunity proteins 
19,Colipase-binding domain 
4,Colipase-like 
8,ComEA-like 
13,Complement components 
52,Complement control module/SCR domain 
2,Composite domain of glycosyl hydrolase families 5- 30- 39 and 51 
73,COMT-like 
4,Connexin43 
2,Conotoxin 
1,Conserved carboxylase domain 
14,Conserved domain common to transcription factors TFIIS- elongin A- CRSP70 
1,Coproporphyrinogen III oxidase 
1,CorA soluble domain-like 
1,Core binding factor beta- CBF 
36,CO-sensing protein CooA- N-terminal domain 
1,COX17-like 
2,CoxG-like 
3,CPH domain 
29,CRAL/TRIO domain 
13,CRAL/TRIO N-terminal domain 
9,Creatinase/aminopeptidase 
5,Creatinase/prolidase N-terminal domain 
4,Cripto EGF-like domain-like 
3,Crisp domain 
15,Crotonase-like 
1,Crustacean CHH/MIH/GIH neurohormone 
2,Cryptochrome/photolyase FAD-binding domain 
2,Cryptochrome/photolyase- N-terminal domain 
16,Crystallins/Ca-binding development proteins 
2,CSE2-like 
4,CSL zinc finger 
130,CT2138-like 
2,Ctag/Cox11 
1,C-terminal autoproteolytic domain of nucleoporin nup98 
4,C-terminal domain of adenylylcyclase associated protein 
42,C-terminal domain of adrenodoxin reductase-like 
4,C-terminal domain of alpha and beta subunits of F1 ATP synthase 
1,C-terminal domain of class I lysyl-tRNA synthetase 
1,C-terminal domain of DFF45/ICAD (DFF-C domain) 
1,C-terminal domain of glutamyl-tRNA synthetase (GluRS) 
1,C-terminal domain of Ku80 
1,C-terminal domain of ProRS 
2,C-terminal domain of ribosomal protein L2 
2,C-terminal domain of RNA polymerase alpha subunit 
2,C-terminal domain of RPA32 
1,C-terminal domain of the electron transfer flavoprotein alpha subunit 
1,C-terminal domain of the rap74 subunit of TFIIF 
2,C-terminal fragment of elongation factor SelB 
7,C-terminal- gelsolin-like domain of Sec23/24 
268,C-terminal (heme d1) domain of cytochrome cd1-nitrite reductase 
8,C-terminal- Zn-finger domain of MutM-like DNA repair proteins 
70,C-type lectin domain 
4,C-type lysozyme 
9,CUE domain 
9,Cullin homology domain 
8,Cullin repeat 
1,CutC-like 
8,CUT domain 
6,Cutinase-like 
3,Cu-Zn superoxide dismutase-like 
38,Cyclin 
241,Cyclin A/CDK2-associated p19- Skp2 
21,Cyclophilin (peptidylprolyl isomerase) 
43,Cystathionine synthase-like 
23,Cystatins 
2,Cysteine dioxygenase type I 
7,Cysteine-rich DNA binding domain- (DM domain) 
22,Cysteine rich domain 
1,CYTH domain 
3,Cytidine deaminase 
7,Cytidylyltransferase 
9,Cytidylytransferase 
16,Cytochrome b5 
5,Cytochrome bc1 domain 
1,Cytochrome b of cytochrome bc1 complex (Ubiquinol-cytochrome c reductase) 
1,Cytochrome c1 subunit of cytochrome bc1 complex (Ubiquinol-cytochrome c reductase)- transmembrane anchor 
8,Cytochrome c3-like 
1,Cytochrome c oxidase subunit E 
5,Cytochrome c oxidase Subunit F 
3,Cytochrome c oxidase subunit h 
1,Cytochrome c oxidase subunit III-like 
2,Cytochrome c oxidase subunit II-like- transmembrane region 
1,Cytochrome c oxidase subunit I-like 
1,Cytochrome domain of cellobiose dehydrogenase 
57,Cytochrome P450 
8,Cytochrome p450 reductase N-terminal domain-like 
16,Cytoplasmic domain of inward rectifier potassium channel 
11,Cytosine deaminase catalytic domain 
7,Dachshund-homology domain 
1,DAK1 
2,D-aminoacid aminotransferase-like PLP-dependent enzymes 
3,D-aminoacid oxidase-like 
76,D-aminoacid oxidase- N-terminal domain 
7,D-aminoacylase 
2,D-aminoacylase- catalytic domain 
70,DBL homology domain (DH-domain) 
2,Dcp1 
1,Dcp2 box A domain 
34,DEATH domain- DD 
8,DEATH effector domain- DED 
9,Decarboxylase 
16,Defensin 
1,Dehydroquinate synthase- DHQS 
4,DEK C-terminal domain 
19,DeoB catalytic domain-like 
14,Deoxycytidylate deaminase-like 
1,Deoxyhypusine synthase- DHS 
23,DEP domain 
1,Desulforedoxin 
8,D-glucarate dehydratase-like 
1,DhaL-like 
17,Diacylglycerol kinase-like 
1,Diaminopimelate epimerase 
11,Diap1 N-terninal region-like 
83,Dienelactone hydrolase 
3,Di-heme cytochrome c peroxidase 
9,Di-heme elbow motif 
4,Dihydrodipicolinate reductase-like 
2,Dihydrofolate reductases 
7,Dihydroorotase 
19,Dihydroorotate dehydrogenase B- PyrK subunit 
1,Dihydropteroate synthetase 
2,Dihydropyrimidine dehydrogenase- N-terminal domain 
5,Dimeric isocitrate & isopropylmalate dehydrogenases 
1,Dimerisation domain of CENP-B 
14,Dimerization-anchoring domain of cAMP-dependent PK regulatory subunit 
2,Dimerization cofactor of HNF-1 alpha 
3,Dimethylarginine dimethylaminohydrolase DDAH 
1,Dipeptidyl peptidase I (cathepsin C)- exclusion domain 
22,Discoidin domain (FA58C- coagulation factor 5/8 C-terminal domain) 
1,Divalent ion tolerance proteins CutA (CutA1) 
6,DIX domain 
5,DJ-1/PfpI 
3,D-lactate dehydrogenase 
4,DLC 
2,DNA-binding domain from NDT80 
2,DNA-binding domain from rap30 
26,DNA-binding domain of rap1 
1,DNA-binding domain of retroviral integrase 
30,DNA-binding domain of telomeric protein 
2,DNA-binding N-terminal domain of transcription activators 
3,DNA-binding protein AlbA 
4,DNA-binding protein LAG-1 (CSL) 
3,DNA-binding protein Mj223 
1,DNA damage-inducible protein DinI 
27,DNA double-strand break repair nuclease 
30,DNA gyrase/MutL- N-terminal domain 
6,DNA gyrase/MutL- second domain 
2,DNA helicase RuvA subunit- middle domain 
131,DNA helicase UvsW 
8,DnaJ/Hsp40 cysteine-rich domain 
19,DNA ligase 
4,DNA ligase/mRNA capping enzyme postcatalytic domain 
66,DNA methylase TaqI- N-terminal domain 
2,DNA mismatch repair protein MutL 
5,DNA polymerase beta-like 
6,DNA polymerase beta-like- second domain 
5,DNA polymerase beta- N-terminal domain-like 
7,DNA polymerase I 
5,DNA polymerase III clamp loader subunits- C-terminal domain 
5,DNA polymerase processivity factor 
6,DNA primase zinc finger 
31,DnaQ-like 3-5 exonuclease 
2,DNA repair factor XPA DNA- and RPA-binding domain- C-terminal subdomain 
11,DNA repair factor XPA DNA- and RPA-binding domain- N-terminal subdomain 
4,DNA repair glycosylase- 2 C-terminal domains 
1,DNA repair glycosylase- N-terminal domain 
2,DNA repair protein MutS- domain I 
4,DNA repair protein MutS- domain II 
6,DNA repair protein MutS- domain III 
12,DNA repair protein Rad51- N-terminal domain 
25,DNA-repair protein XRCC1 
1,DNA replication factor Cdt1 
10,DNA replication initiator (cdc21/cdc54) N-terminal domain 
6,DNA/RNA non-specific endonuclease 
28,DNase I-like 
23,DNA topoisomerase II binding protein 1- TopBP1 
2,DNA topoisomerase IV- alpha subunit 
1,Dom34/Pelota N-terminal domain-like 
1,Domain from hypothetical 2610208m17rik protein 
4,Domain G2 of nidogen-1 
4,Domain of poly(ADP-ribose) polymerase 
2,Domain of the SRP/SRP receptor G-proteins 
1,Domains B1 and B5 of PheRS-beta- PheT 
2,Double Clp-N motif 
11,Doublecortin (DC) 
3,double-SIS domain 
1,Double-stranded DNA-binding domain 
25,Double-stranded RNA-binding domain (dsRBD) 
3,DP dimerization segment 
100,DPP6 catalytic domain-like 
193,DPP6 N-terminal domain-like 
5,DR0824-like 
3,D-ribose-5-phosphate isomerase (RpiA)- catalytic domain 
2,D-ribose-5-phosphate isomerase (RpiA)- lid domain 
6,D-ribulose-5-phosphate 3-epimerase 
15,DsbA-like 
12,DsbC/DsbG C-terminal domain-like 
2,DTD-like 
2,dTDP-sugar isomerase 
98,Dual specificity phosphatase-like 
7,DUSP- domain in ubiquitin-specific proteases 
3,dUTPase-like 
1,Dystroglycan- domain 2 
5,Dystroglycan- N-terminal domain 
6,E2F dimerization segment 
4,EB1 dimerisation domain-like 
6,ECA1476-like 
3,ECR1 N-terminal domain-like 
3,Ecto-ART 
17,EDF1-like 
2,eEF-1beta-like 
1,eEF1-gamma domain 
1,EF1021 C-terminal domain-like 
25,EF1021-like 
6,EF-G/eEF-2 domains III and V 
237,EF-hand modules in multidomain proteins 
11,EF-Tu/eEF-1alpha/eIF2-gamma C-terminal domain 
78,EGF-like domain of nidogen-1 
197,EGF-type module 
4,eIF1-like 
1,eIF-2-alpha- C-terminal domain 
2,eIF2alpha middle domain-like 
3,eIF5a N-terminal domain-like 
13,Elafin-like 
1,Electron transfer flavoprotein-ubiquinone oxidoreductase-like 
5,ELL N2 domain-like 
21,Elongation factors 
8,Elongation factor TFIIS domain 2 
1,Elongation factor Ts (EF-Ts)- dimerisation domain 
1,EMG1/NEP1-like 
1,Emsy N terminal (ENT) domain-like 
25,Enabled/VASP homology 1 domain (EVH1 domain) 
5,Endonuclease III 
1,Endonuclease IV 
2,Endostatin 
4,Enolase 
5,Enolase N-terminal domain-like 
40,Enolase-phosphatase E1 
10,ENTH domain 
1,ENV polyprotein- receptor-binding domain 
8,Ephrin ectodomain 
14,Ephrin receptor ligand binding domain 
107,Epoxide hydrolase 
183,Eps15 homology domain (EH domain) 
46,EpsC C-terminal domain-like 
1,Epsilon subunit of F1F0-ATP synthase C-terminal domain 
1,Epsilon subunit of F1F0-ATP synthase N-terminal domain 
2,Epsilon subunit of mitochondrial F1F0-ATP synthase 
2,ERF1/Dom34 C-terminal domain-like 
2,ERF1/Dom34 middle domain-like 
1,ERH-like 
1,ERO1-like 
1,ERP29 C domain-like 
32,ERP29 N domain-like 
15,Erythroid transcription factor GATA-1 
23,E-set domains of sugar-utilizing enzymes 
5,Esterase 
2,ETFP subunits 
2,ETF-QO domain-like 
28,ets domain 
2,Eukaryotic DNA topoisomerase I- catalytic core 
2,Eukaryotic DNA topoisomerase I- dispensable insert domain 
2,Eukaryotic DNA topoisomerase I- N-terminal DNA-binding fragment 
1,Eukaryotic EndoU ribonuclease 
1,Eukaryotic glutathione synthetase ATP-binding domain 
1,Eukaryotic glutathione synthetase- substrate-binding domain 
3,Eukaryotic ODC-like 
108,Eukaryotic proteases 
2,Eukaryotic RPB5 N-terminal domain 
2,Eukaryotic translation initiation factor 3 subunit 12- eIF3k- C-terminal domain 
1,Eukaryotic translation initiation factor 3 subunit 12- eIF3k- N-terminal domain 
2,Eukaryotic type heme oxygenase 
44,Eukaryotic type KH-domain (KH-domain type I) 
2,EutQ-like 
11,Excinuclease UvrC C-terminal domain 
4,Exocyst complex component 
2,Exodeoxyribonuclease V beta chain (RecB)- C-terminal domain 
3,EXOSC10 HRDC domain-like 
42,Exostosin 
4,Exportin HEAT-like repeat 
2,Expressed protein At2g23090/F21P24.15 
528,Extended AAA-ATPase domain 
1,Extended PAW domain 
19,Extracellular domain of cell surface receptors 
8,Extradiol dioxygenases 
1,F1F0 ATP synthase subunit A 
5,F1F0 ATP synthase subunit C 
2,FabD-like 
2,FAD-dependent thiol oxidase 
4,FAD-linked oxidases- N-terminal domain 
107,FAD-linked reductases- N-terminal domain 
7,FAD/NAD-linked reductases- dimerisation (C-terminal) domain 
100,FAD/NAD-linked reductases- N-terminal and central domains 
5,FAH 
1,Family 10 polysaccharide lyase 
6,Family 1 of glycosyl hydrolase 
4,FAS1 domain 
11,Fascin 
2,FAT domain of focal adhesion kinase 
17,Fatty acid binding protein-like 
6,F-box associated region- FBA 
75,F-box domain 
38,FCH domain 
33,FdhE-like 
1,Fe-Mn superoxide dismutase (SOD)- C-terminal domain 
1,Fe-Mn superoxide dismutase (SOD)- N-terminal domain 
1,FemXAB nonribosomal peptidyltransferases 
2,Fe-only hydrogenase 
2,Fe-only hydrogenase smaller subunit 
9,Ferredoxin domains from multidomain proteins 
18,Ferredoxin reductase FAD-binding domain-like 
8,Ferritin 
1,Ferrochelatase 
6,FF domain 
1,FGAM synthase PurL- linker domain 
1,FGAM synthase PurL- PurS-like domain 
37,FHA domain 
96,Fibrillarin homologue 
30,Fibrinogen C-terminal domain-like 
19,Fibroblast growth factors (FGF) 
182,Fibronectin type III 
12,Fibronectin type II module 
2,Fibronectin type I module 
12,Filamin repeat (rod domain) 
32,First domain of FERM 
1,FIS-like 
1,FkbM-like 
1,FKBP12-rapamycin-binding domain of FKBP-rapamycin-associated protein (FRAP) 
19,FKBP immunophilin/proline isomerase 
34,Flavin-binding PAS domain 
15,Flavodoxin-related 
19,Flavohemoglobin- C-terminal domain 
8,Flavoprotein NrdI 
1,FliG 
1,FLJ32549 C-terminal domain-like 
1,FLJ32549 domain-like 
15,FMN-linked oxidoreductases 
16,FolH catalytic domain-like 
3,Follistatin (FS) module N-terminal domain- FS-N 
1,Folylpolyglutamate synthetase 
3,Folylpolyglutamate synthetase- C-terminal domain 
49,Forkhead DNA-binding domain 
1,Formate dehydrogenase/DMSO reductase- domains 1-3 
45,Formate/glycerate dehydrogenases- NAD-domain 
5,Formate/glycerate dehydrogenases- substrate-binding domain 
2,Formiminotransferase domain of formiminotransferase-cyclodeaminase. 
17,Formin homology 2 domain (FH2 domain) 
4,Formyltransferase 
1,Frataxin-like 
19,Frizzled cysteine-rich domain 
2,FtsH protease domain-like 
22,Fucose binding lectin 
8,FucT-like 
3,Fumarate reductase/Succinate dehydogenase iron-sulfur protein- C-terminal domain 
1,Fumarylacetoacetate hydrolase- FAH- N-terminal domain 
11,Fumble-like 
1,Functional domain of the splicing factor Prp18 
102,Fungal lipases 
2,FUR-like 
164,FYVE- a phosphatidylinositol-3-phosphate binding domain 
43,GABA-aminotransferase-like 
10,GABARAP-like 
2,Gab protein (hypothetical protein YgaT) 
1,GAD domain 
8,GAF domain 
3,Galactokinase 
33,Galactose-binding domain 
117,Galactose oxidase- central domain 
6,Galactoside acetyltransferase-like 
9,Galactosyltransferase LgtC 
16,Galectin (animal S-lectin) 
4,GalR/LacI-like bacterial regulator 
6,gamma-adaptin C-terminal appendage domain-like 
2,gamma-Butyrobetaine hydroxylase 
6,gamma-carbonic anhydrase-like 
4,Gamma-glutamyl cyclotransferase-like 
9,Gamma-glutamyltranspeptidase-like 
1,Ganglioside M2 (gm2) activator 
1,GAPDH-like 
2,Gar1-like SnoRNP 
11,GARP response regulators 
6,GAS2 domain 
106,Gastric lipase 
1,GatB/GatE catalytic domain-like 
1,GatB/GatE C-terminal domain-like 
8,GAT domain 
1,Gated mechanosensitive channel 
1,GckA/TtuD-like 
2,GCM domain 
4,GDI-like 
87,GDI-like N domain 
3,GDNF receptor-like 
4,G domain-linked domain 
23,GDP-mannose mannosyl hydrolase NudD 
11,Gelsolin-like 
4,Gentisate 1-2-dioxygenase-like 
3,GerE-like (LuxR/UhpA family of transcriptional regulators) 
8,Germin/Seed storage 7S protein 
5,GHMP Kinase- N-terminal domain 
31,GidA-like 
1,GIY-YIG endonuclease 
14,GLA-domain 
5,GlcNAc-alpha-1-4-Gal-releasing endo-beta-galactosidase- GngC- C-terminal domain 
8,GlmU C-terminal domain-like 
2,Gln-tRNA synthetase (GlnRS)- C-terminal (anticodon-binding) domain 
14,Globins 
2,Glucoamylase 
8,Glucokinase 
423,Gluconate kinase 
7,glucose-1-phosphate thymidylyltransferase 
4,Glucose 6-phosphate dehydrogenase-like 
3,Glucose-6-phosphate isomerase- GPI 
26,Glucose-inhibited division protein B (GidB) 
1,Glutamate-cysteine ligase family 2 (GCS2) 
1,Glutamate mutase- large subunit 
2,Glutaminase 
1,Glutaminase/Asparaginase 
2,Glutamine synthetase catalytic domain 
2,Glutamine synthetase- N-terminal domain 
13,Glutaminyl-peptide cyclotransferase-like 
1,Glutathione-dependent formaldehyde-activating enzyme- Gfa 
53,Glutathione peroxidase-like 
41,Glutathione S-transferase (GST)- C-terminal domain 
40,Glutathione S-transferase (GST)- N-terminal domain 
1,Glu-tRNAGln amidotransferase C subunit 
98,Glyceraldehyde-3-phosphate dehydrogenase-like- N-terminal domain 
10,Glycerol-3-phosphate (1)-acyltransferase 
2,Glycerol-3-phosphate dehydrogenase 
125,Glycerol-3-phosphate transporter 
17,Glycerol kinase 
9,Glycerophosphoryl diester phosphodiesterase 
12,Glycine dehydrogenase subunits (GDC-P) 
95,Glycine N-methyltransferase 
10,Glycogenin 
5,Glycolipid transfer protein- GLTP 
3,(Glycosyl)asparaginase 
2,Glycosylating toxin catalytic domain-like 
5,Glycosyl Hydrolase Family 88 
1,Glycosyl hydrolases family 16 
6,Glycosyl hydrolases family 35 catalytic domain 
4,Glycosyltransferase family 36 C-terminal domain 
29,Glycosyl transferases group 1 
14,Glyoxalase II (hydroxyacylglutathione hydrolase) 
8,Glyoxalase I (lactoylglutathione lyase) 
1,GMC oxidoreductases 
1,GMP synthetase C-terminal dimerisation domain 
2,GntR-like transcriptional regulators 
10,Gonadodropin/Follitropin 
24,GpdQ-like 
530,G proteins 
18,GRAM domain 
3,Granulin repeat 
5,GRIP domain 
13,GroEL chaperone- ATPase domain 
1,GroEL-like chaperone- apical domain 
1,GroEL-like chaperone- intermediate domain 
3,GroES 
15,Group II chaperonin (CCT- TRIC)- apical domain 
15,Group II chaperonin (CCT- TRIC)- ATPase domain 
12,Group II chaperonin (CCT- TRIC)- intermediate domain 
49,Growth factor receptor domain 
16,GS domain 
1,GspK insert domain-like 
4,GTF2I-like repeat 
24,Gtf glycosyltransferase 
1,GTP cyclohydrolase I 
1,GTP cyclohydrolase I feedback regulatory protein- GFRP 
1,G-type lysozyme 
98,Guanidinoacetate methyltransferase 
4,Guanido kinase catalytic domain 
4,Guanido kinase N-terminal domain 
2,GUCT domain 
3,GYF domain 
1,GyrA/ParC C-terminal domain-like 
36,HAD-related 
6,Hairpin loop containing domain 
11,Hairy Orange domain 
108,Haloalkane dehalogenase 
109,Haloperoxidase 
1,HAL/PAL-like 
2,HAND domain of the nucleosome remodeling ATPase ISWI 
81,HAT/Suf repeat 
1,HBS1-like domain 
4,HCDH C-domain-like 
62,HCP-like 
5,HD domain 
2,Head domain of nucleotide exchange factor GrpE 
97,HEAT repeat 
1,Heat shock protein 15 kD 
14,Heat shock protein 70kD (HSP70)- C-terminal subdomain 
10,Heat shock protein 70kD (HSP70)- peptide-binding domain 
27,Heat shock protein 90- HSP90- N-terminal domain 
20,Heat-shock transcription factor 
28,Hect- E3 ligase catalytic domain 
4,Hedgehog C-terminal (Hog) autoprocessing domain 
3,Hedgehog (development protein)- N-terminal signaling domain 
11,Hef domain-like 
6,Helical domain of Sec23/24 
3,Helicase DNA-binding domain 
171,Helicase-like domain of reverse gyrase 
1,HemD-like 
33,Heme-binding PAS domain 
1,Heme-dependent catalases 
2,Heme oxygenase HemO (PigA) 
3,Hemocyanin middle domain 
21,Hemopexin-like domain 
1,Heparin-binding domain from vascular endothelial growth factor 
1,HEPN domain 
20,Hepsin- N-terminal domain 
17,Hermes transposase-like 
3,HesB-like domain 
1,Hevein-like agglutinin (lectin) domain 
6,Hexokinase 
9,Hexose-1-phosphate uridylyltransferase 
66,HI0933 N-terminal domain-like 
86,Higher-molecular-weight phosphotyrosine protein phosphatases 
4,HIN-200/IF120x domain 
85,Histamine methyltransferase 
6,Histidine acid phosphatase 
8,Histidine biosynthesis enzymes 
26,Histidine kinase 
7,Histidine-rich actin-binding protein (hisactophilin) 
38,Histidinol phosphatase-like 
11,Histone deacetylase- HDAC 
1,Histone H3 K4-specific methyltransferase SET7/9 N-terminal domain 
49,Histone lysine methyltransferases 
10,HIT (HINT- histidine triad) family of protein kinase-interacting proteins 
5,HIT zinc finger 
2,HIV integrase-binding domain 
1,Hjc-like 
182,HkH motif-containing C2H2 finger 
115,HLH- helix-loop-helix DNA-binding domain 
4,HlyD-like secretion proteins 
9,HMA- heavy metal-associated domain 
57,HMG-box 
6,HMGL-like 
5,H-NOX domain 
1,Holo-(acyl carrier protein) synthase ACPS 
291,Homeodomain 
3,Homocysteine S-methyltransferase 
2,Homodimeric domain of signal transducing histidine kinase 
1,Homogentisate dioxygenase 
1,Homoserine dehydrogenase-like 
2,Homoserine kinase 
59,Homoserine kinase ThrH 
8,Hook domain 
18,Hormone receptor domain 
3,HpcH/HpaI aldolase 
15,HPr kinase HprK C-terminal domain 
8,HR1 repeat 
3,HRDC domain from helicases 
1,HSC20 (HSCB)- C-terminal oligomerisation domain 
11,HSP20 
8,HSP40/DnaJ peptide-binding domain 
2,Hsp90 co-chaperone CDC37 
8,HSP90 C-terminal domain 
10,Hsp90 middle domain 
88,HspBP1 domain 
1,HTLV-II matrix protein 
75,HtrA-like serine proteases 
4,HTS-like 
1,HupF/HypC-like 
1,HxlR-like 
40,HyaE-like 
2,Hyaluronidase N-terminal domain-like 
9,Hydantoinase (dihydropyrimidinase) 
10,Hydantoinase (dihydropyrimidinase)- catalytic domain 
3,Hydroxyisobutyrate and 6-phosphogluconate dehydrogenase domain 
97,Hydroxynitrile lyase-like 
58,Hypothetical esterase YJL068C 
5,Hypothetical membrane protein Ta0354- soluble domain 
1,Hypothetical protein AF0491- middle domain 
1,Hypothetical protein AF0491- N-terminal domain 
8,Hypothetical protein alr1529 
1,Hypothetical protein APE0525- N-terminal domain 
13,Hypothetical protein aq_1666 
3,Hypothetical protein At2g34160 
2,Hypothetical protein AT3g04780/F7O18_27 
6,Hypothetical protein At5g48480 
8,Hypothetical protein BC1747 
3,Hypothetical protein c14orf129- hspc210 
26,Hypothetical protein cg14615-pa 
4,Hypothetical protein egc068 from a soil-derived mobile gene cassette 
97,Hypothetical protein HI0319 (YecO) 
3,Hypothetical protein HI1388.1 
108,Hypothetical protein MJ0882 
1,Hypothetical protein MTH1 (MT0001)- dimerisation domain 
1,Hypothetical protein MTH1 (MT0001)- insert domain 
50,Hypothetical protein MW1667 (SA1546) 
1,Hypothetical protein PF0380 
1,Hypothetical protein PH1602 
2,Hypothetical protein PH1932 
1,Hypothetical protein SAV1430 
2,Hypothetical protein SP1951 
13,Hypothetical protein TM0207 
1,Hypothetical protein TM0269 
1,Hypothetical protein TM1112 
103,Hypothetical protein TT1662 
3,Hypothetical protein TTHA0113 
20,Hypothetical protein VC0232 
106,Hypothetical protein VC1974 
1,Hypothetical protein ybl036c 
2,Hypothetical protein YesU 
1,Hypothetical protein YgbM (EC1530) 
1,Hypothetical protein Yhr087W 
3,Hypothetical protein YjcS 
105,Hypothetical Protein YjhP 
6,Hypothetical protein YjiA- C-terminal domain 
2,Hypothetical protein YteR 
3,Hypothetical protein YwqG 
2,Hypothetical protein YwqN 
5,Hypothetical protein YycE 
99,hypothetical RNA methyltransferase 
3,Hypothetical zinc finger protein YacG 
34,Hypoxia-inducible factor Hif2a- C-terminal domain 
21,Hypoxia-inducible factor HIF ihhibitor (FIH1) 
24,IBR domain 
3,IF2B-like 
5,IIA domain of mannitol-specific and ntr phosphotransferase EII 
8,I/LWEQ domain 
36,IMD domain 
15,Imidazolonepropionase-like 
96,ImpE-like 
2,Indoleamine 2-3-dioxygenase-like 
8,Inhibitor of apoptosis (IAP) repeat 
2,Initiation factor IF2/eIF5b- domain 3 
2,Inorganic pyrophosphatase 
8,Inosine monophosphate dehydrogenase (IMPDH) 
8,Inositol monophosphatase/fructose-1-6-bisphosphatase-like 
27,Inositol polyphosphate 5-phosphatase (IPP5) 
7,Inositol polyphosphate kinase (IPK) 
5,Insect phospholipase A2 
2,Insert subdomain of RNA polymerase alpha subunit 
8,Insulin-like 
21,Integrin alpha N-terminal domain 
80,Integrin A (or I) domain 
54,Integrin beta EGF-like domains 
7,Integrin beta tail domain 
23,Integrin domains 
5,Intein (protein splicing domain) 
13,Interferon-induced guanylate-binding protein 1 (GBP1)- C-terminal domain 
9,Interferon regulatory factor 
13,Interferon regulatory factor 3 (IRF3)- transactivation domain 
19,Interferons/interleukin-10 (IL-10) 
149,Interleukin 16 
2,Interleukin 17F- IL-17F 
8,Interleukin-1 (IL-1) 
42,Interleukin 8-like chemokines 
243,Internalin LRR domain 
1,Intron-encoded homing endonucleases 
2,Invasin/intimin cell-adhesion fragments 
1,Iojap/YbeB-like 
2,IolI-like 
3,IP3 receptor type 1 binding core- domain 2 
1,IpaD-like 
22,IPP isomerase-like 
75,IroE-like 
2,Iron-containing alcohol dehydrogenase 
4,Iron-dependent repressor protein 
410,I set domains 
7,Isoaspartyl dipeptidase 
11,Isoaspartyl dipeptidase- catalytic domain 
2,Isochorismatase-like hydrolases 
4,Isoprenyl diphosphate synthases 
2,ISP transmembrane anchor 
2,ISY1 N-terminal domain-like 
7,JAB1/MPN domain 
2,Jann2411-like 
1,Janus/Ocnus 
1,Kalata B1 
2,Kanamycin nucleotidyltransferase (KNTase)- N-terminal domain 
1,KduI-like 
75,Kelch motif 
4,Ketosteroid isomerase-like 
1,KguE-like 
7,Kinase associated domain 1- KA1 
2,Kix domain of CBP (creb binding protein) 
3,KorB DNA-binding domain-like 
377,KRAB domain (Kruppel-associated box) 
18,Kringle modules 
2,Ku70 subunit middle domain 
55,Ku70 subunit N-terminal domain 
2,Ku80 subunit middle domain 
59,Ku80 subunit N-terminal domain 
1,L15e 
2,L23p 
14,L27 domain 
11,L30e/L7ae ribosomal proteins 
11,Lactate & malate dehydrogenases- C-terminal domain 
120,LacY-like proton/sugar symporter 
7,La domain 
3,L-alanine dehydrogenase-like 
5,Lamin A/C globular tail domain 
81,Laminin G-like module 
63,Laminin-type module 
10,L-aminoacid/polyamine oxidase 
3,LanC-like 
40,L-arabinose binding protein-like 
29,LASP-1 
3,L-aspartase/fumarase 
3,Latexin-like 
2,LCCL domain 
60,LDH N-terminal domain-like 
38,LDL receptor-like module 
8,L domain 
2,Lectin leg-like 
28,Leech intramolecular trans-sialidase- N-terminal domain 
2,Legume lectins 
4,Leishmanolysin 
7,LEM domain 
4,Lesion bypass DNA polymerase (Y-family)- catalytic domain 
4,Lesion bypass DNA polymerase (Y-family)- little finger domain 
2,Leucine aminopeptidase (Aminopeptidase A)- N-terminal domain 
2,Leucine aminopeptidase- C-terminal domain 
3,Leucine carboxy methyltransferase Ppm1 
209,Leucine rich effector protein YopM 
11,Leucine-rich repeat variant 
3,LeuD-like 
4,Leukotriene A4 hydrolase C-terminal domain 
5,LexA-related 
2,LexA repressor- N-terminal DNA-binding domain 
87,LIM domain 
1,Limonene-1-2-epoxide hydrolase-like 
11,Link domain 
16,Linker histone H1/H5 
94,Lipase 
2,Lipase chaperone LifO-like 
2,Lipovitellin-phosvitin complex; beta-sheet shell regions 
3,Lipovitellin-phosvitin complex- superhelical domain 
16,Lipoxigenase N-terminal domain 
2,Lissencephaly-1 protein (Lis-1- PAF-AH alpha) N-terminal domain 
1,LmbE-like 
6,LON domain-like 
17,Long-chain cytokines 
5,Low-molecular-weight phosphotyrosine protein phosphatases 
4,LplA-like 
6,Lrp/AsnC-like transcriptional regulator N-terminal domain 
2,LSM14 N-terminal domain-like 
30,Lysine biosynthesis enzyme LysX ATP-binding domain 
2,Lysine biosynthesis enzyme LysX- N-terminal domain 
6,LysM domain 
6,Lysophospholipase 
2,LysR-like transcriptional regulators 
10,Macro domain 
1,Maf-like 
40,Magnesium-dependent phosphatase-1- Mdp1 
2,Mago nashi protein 
1,MAL13P1.257-like 
3,Malic enzyme N-domain 
14,MAM domain 
18,Mammalian PLC 
2,Manganese-dependent inorganic pyrophosphatase (family II) 
8,mannose-1-phosphate guanylyl transferase 
4,Mannose-6-phosphate receptor binding protein 1 (Tip47)- C-terminal domain 
6,Mannose 6-phosphate receptor domain 
1,Mannose-binding lectins 
1,MaoC-like 
6,MAPEG domain 
2,Marine metagenome family DABB3 
9,MarR-like transcriptional regulators 
4,MAST3 pre-PK domain-like 
12,MATH domain 
59,Matrix metalloproteases- catalytic domain 
1,MazG-like 
1,MbtH-like 
12,MBT repeat 
1,MED7 hinge region 
15,Medium chain acyl-CoA dehydrogenase-like- C-terminal domain 
15,Medium chain acyl-CoA dehydrogenase- NM (N-terminal and middle) domains 
1,MerB-like 
2,Merozoite surface protein 1 (MSP-1) 
99,Met-10+ protein-like 
38,Meta-cation ATPase- catalytic domain P 
35,Metal cation-transporting ATPase- ATP-binding domain N 
17,Metallothionein 
1,Methenyltetrahydrofolate cyclohydrolase-like 
3,Methenyltetrahydrofolate synthetase 
2,Methionine aminopeptidase- insert domain 
1,Methionine synthase domain 
1,Methionine synthase SAM-binding domain 
3,Methionyl-tRNA synthetase (MetRS)- Zn-domain 
255,Methylamine dehydrogenase- H-chain 
2,Methylated DNA-protein cysteine methyltransferase- C-terminal domain 
2,Methylated DNA-protein cysteine methyltransferase domain 
12,Methyl-CpG-binding domain- MBD 
1,Methylenetetrahydrofolate reductase 
1,Methylene-tetrahydromethanopterin dehydrogenase 
2,Methylglyoxal synthase- MgsA 
6,Methylmalonyl-CoA epimerase 
1,Methylmalonyl-CoA mutase- N-terminal (CoA-binding) domain 
16,Methyl parathion hydrolase 
1,Methyltetrahydrofolate-utiluzing methyltransferases 
66,Methyltransferase 10 domain 
1,Mevalonate 5-diphosphate decarboxylase 
4,Mevalonate kinase 
1,MgsA/YrvN C-terminal domain-like 
22,MGS-like 
3,MgtE membrane domain-like 
42,MHC antigen-recognition domain 
6,MHCK/EF2 kinase 
5,Mib/herc2 domain 
42,Microbial and mitochondrial ADK- insert zinc finger domain 
5,Middle domain of MutM-like DNA repair proteins 
2,Midkine- a heparin-binding growth factor- C-terminal domain 
2,Midkine- a heparin-binding growth factor- N-terminal domain 
14,MIF4G domain-like 
4,MIF-related 
3,Mini-collagen I- C-terminal domain 
3,Minimal THUMP 
1,MioX-like 
9,MIR domain 
4,Mismatch glycosylase 
19,MIT domain 
1,Mitochondrial ATP synthase coupling factor 6 
48,Mitochondrial carrier 
3,Mitochondrial cytochrome c oxidase subunit IV 
2,Mitochondrial cytochrome c oxidase subunit VIa 
1,Mitochondrial cytochrome c oxidase subunit VIc 
4,Mitochondrial cytochrome c oxidase subunit VIIa 
2,Mitochondrial cytochrome c oxidase subunit VIIb 
1,Mitochondrial cytochrome c oxidase subunit VIIc (aka VIIIa) 
2,Mitochondrial cytochrome c oxidase subunit VIIIb (aka IX) 
1,Mitochondrial glycoprotein MAM33-like 
1,Mitochondrial import receptor subunit Tom20 
1,Mitochondrial resolvase ydc2 catalytic domain 
4,Mitochondrial ribosomal protein L51/S25/CI-B8 domain 
5,MJ0764-like 
2,ML2640-like 
2,ML domain 
1,MMLV matrix protein-like 
20,MMP N-terminal domain 
2,Mo25 protein 
8,MoaD 
7,Mob1/phocein 
7,MoCo biosynthesis proteins 
1,MoCo carrier protein-like 
5,MoeA central domain-like 
1,MoeA C-terminal domain-like 
1,MoeA N-terminal region -like 
5,Moesin tail domain 
3,MogA-like 
2,Molybdenum cofactor-binding domain 
1,Molybdenum cofactor biosynthesis protein C- MoaC 
7,Molybdenum cofactor biosynthesis protein MobA 
25,Molybdenum cofactor biosynthesis protein MoeB 
1,Molybdenum-containing oxidoreductases-like dimerisation domain 
1,Molybdopterin synthase subunit MoaE 
6,monodomain cytochrome c 
2,Monomeric isocitrate dehydrogenase 
2,Monomeric nicotinate phosphoribosyltransferase C-terminal domain 
1,Monomeric nicotinate phosphoribosyltransferase N-terminal domain-like 
3,mono-SIS domain 
3,MOSC (MOCO sulphurase C-terminal) domain 
3,MOSC N-terminal domain-like 
112,Motor proteins 
8,MPP-like 
70,MraW-like putative methyltransferases 
96,mRNA cap (Guanine N-7) methyltransferase 
19,mRNA cap methylase 
6,mRNA capping enzyme 
6,mRNA decapping enzyme DcpS C-terminal domain 
1,mRNA decapping enzyme DcpS N-terminal domain 
23,mRNA decapping enzyme-like 
209,mRNA export factor tap 
1,MSAD-like 
4,MSP-like 
57,MTH1368 C-terminal domain-like 
1,MTH1598-like 
2,MTH938-like 
66,MtnX-like 
2,Mug-like 
1,MukF C-terminal domain-like 
5,Multidomain cupredoxins 
28,Multidomain sulfurtransferase (rhodanese) 
9,Multidrug efflux transporter AcrB transmembrane domain 
3,Muramoyl-pentapeptide carboxypeptidase 
2,MurCDEF 
1,MurCDEF C-terminal domain 
51,MurCD N-terminal domain 
1,mu transposase- core domain 
26,MutT-like 
20,MutY C-terminal domain-like 
4,MW0975(SA0943)-like 
54,Myb/SANT domain 
93,Mycobacterial antigens 
45,Mycobacterial PtpB-like 
105,Mycolic acid cyclopropane synthase 
10,Myeloperoxidase-like 
2,Myf domain 
26,MYND zinc finger 
82,Myo-inositol hexaphosphate phosphohydrolase (phytase) PhyA 
4,Myosin phosphatase inhibitor 17kDa protein- CPI-17 
17,Myosin S1 fragment- N-terminal domain 
17,Myotubularin-like phosphatases 
1,N5-CAIR mutase (phosphoribosylaminoimidazole carboxylase- PurE) 
85,N5-glutamine methyltransferase- HemK 
2,N6 adenine-specific DNA methylase- DAM 
66,N-6 DNA Methylase-like 
8,N-acetylglucosamine-6-phosphate deacetylase- NagA 
11,N-acetylglucosamine-6-phosphate deacetylase- NagA- catalytic domain 
3,N-acetylglucosaminyltransferase I 
2,N-acetyl-l-glutamate kinase 
3,N-acetylmuramoyl-L-alanine amidase-like 
43,N-acetyl transferase- NAT 
3,N-acylglucosamine (NAG) epimerase 
1,NAD-binding domain of HMG-CoA reductase 
6,NadC C-terminal domain-like 
3,NadC N-terminal domain-like 
3,NAD+-dependent DNA ligase- domain 3 
1,NADH oxidase/flavin reductase 
22,NADH pyrophosphatase 
3,NAD kinase-like 
6,NADPH-cytochrome p450 reductase FAD-binding domain-like 
19,NADPH-cytochrome p450 reductase-like 
4,NADPH-dependent FMN reductase 
4,NagB-like 
33,NagD-like 
14,NanE-like 
21,NAP-like 
1,N-deoxyribosyltransferase 
11,NE0471 C-terminal domain-like 
17,NE1354 
2,Necap1 N-terminal domain-like 
12,Nerve tissue mini-hemoglobin (neural globin) 
20,Netrin-like domain (NTR/C345C module) 
1,NeuB-like 
4,Neurolysin-like 
2,Neurophysin II 
48,Neurotransmitter-gated ion-channel transmembrane pore 
4,Neurotrophin 
5,Neutral endopeptidase (neprilysin) 
31,NF-kappa-B/REL/DORSAL transcription factors- C-terminal domain 
241,Ngr ectodomain-like 
168,NHL repeat 
1,Nickel-iron hydrogenase- large subunit 
1,Nickel-iron hydrogenase- small subunit 
46,Nicotinic receptor ligand binding domain-like 
1,NIF3 (NGG1p interacting factor 3)-like 
1,NifU C-terminal domain-like 
1,NifU/IscU domain 
4,NIPSNAP 
5,NirD-like 
3,Nitric oxide (NO) synthase oxygenase domain 
8,Nitrilase 
653,Nitrogenase iron protein-like 
5,Nitrosocyanin 
163,Nitrous oxide reductase- N-terminal domain 
8,NKL-like 
12,NLI interacting factor-like phosphatase 
5,NlpC/P60 
3,N-myristoyl transferase- NMT 
3,NOB1 zinc finger-like 
1,NodB-like polysaccharide deacetylase 
1,Noggin 
41,NOL1/NOP2/sun 
4,Non-canonical RBD domain 
6,Noncollagenous (NC1) domain of collagen IV 
1,Non-fluorescent flavoprotein (luxF- FP390) 
2,Non-heme 11 kDa protein of cytochrome bc1 complex (Ubiquinol-cytochrome c reductase) 
3,Nop domain 
5,Notch domain 
1,Nq06-like 
1,Nqo1C-terminal domain-like 
1,Nqo1 FMN-binding domain-like 
1,Nqo1 middle domain-like 
1,NQO2-like 
1,Nqo4-like 
1,Nqo5-like 
5,NSFL1 (p97 ATPase) cofactor p47- SEP domain 
3,N-terminal domain of adenylylcyclase associated protein- CAP 
84,N-terminal domain of adrenodoxin reductase-like 
3,N-terminal domain of alpha and beta subunits of F1 ATP synthase 
3,N-terminal domain of cbl (N-cbl) 
1,N-terminal domain of eukaryotic peptide chain release factor subunit 1- ERF1 
1,N-terminal domain of molybdate-dependent transcriptional regulator ModE 
3,N-terminal domain of MutM-like DNA repair proteins 
2,N-terminal domain of RNase HI 
1,N-terminal domain of the delta subunit of the F1F0-ATP synthase 
2,N-terminal domain of xrcc1 
2,N-terminal (heme c) domain of cytochrome cd1-nitrite reductase 
3,N-terminal- heterodimerisation domain of RBP7 (RpoE) 
32,N-terminal PAS domain of Pas kinase 
1,N-terminal Zn binding domain of HIV integrase 
10,NTF2-like 
16,N-type ATP pyrophosphatases 
13,Nuclear movement domain 
46,Nuclear receptor 
5,Nuclear receptor coactivator interlocking domain 
48,Nuclear receptor ligand-binding domain 
15,Nuclease 
2,Nucleolar RNA-binding protein Nop10-like 
3,Nucleoplasmin-like core domain 
3,Nucleoporin domain 
11,Nucleoside diphosphate kinase- NDK 
1,Nucleoside phosphorylase/phosphoribosyltransferase catalytic domain 
1,Nucleoside phosphorylase/phosphoribosyltransferase N-terminal domain 
64,Nucleosome core histones 
693,Nucleotide and nucleoside kinases 
1,NusA extra C-terminal domains 
3,N-utilization substance G protein NusG- C-terminal domain 
40,O-acetyltransferase 
2,Obg GTP-binding protein N-terminal domain 
1,Olfactory marker protein 
6,oligoketide cyclase/dehydrase-like 
3,Oligosaccharide phosphorylase 
1,Oligosaccharyltransferase subunit ost4p 
4,Oligoxyloglucan reducing end-specific cellobiohydrolase 
3,Oncogene products 
7,Ornithine cyclodeaminase-like 
3,Ornithine decarboxylase antizyme-like 
34,Ornithine decarboxylase major domain 
6,Osteonectin 
17,Other IPT/TIG domains 
240,Outer arm dynein light chain 1 
1,Outer membrane efflux proteins (OEP) 
1,Outer surface protein- N-terminal domain 
41,Ovomucoid domain III-like 
1,Oxidoreductase molybdopterin-binding domain 
7,Oxygen-independent coproporphyrinogen III oxidase HemN 
12,Oxysterol-binding protein 
20,p120GAP domain-like 
3,p25-alpha 
2,P40 nucleoprotein 
9,P4 origin-binding domain-like 
3,p53 DNA-binding domain-like 
3,p53 tetramerization domain 
2,p8-MTCP1 
1,PA0793-like 
3,PA3566-like 
2,PaaD-like 
7,PaaI/YdiI-like 
5,PABC (PABP) domain 
15,PA domain 
4,PAH2 domain 
19,Paired domain 
7,Pancreatic carboxypeptidase- activation domain 
23,Pancreatic carboxypeptidases 
64,Pancreatic lipase- N-terminal domain 
1,Pan module (APPLE domain) 
14,Papain-like 
10,PAPS reductase-like 
37,PAPS sulfotransferase 
1,ParB-like nuclease domain 
4,PARP-type zinc finger 
200,Parvalbumin 
26,PAS domain of steroid receptor coactivator 1A- NCo-A1 
9,Patatin 
9,PAZ domain 
14,PB1 domain 
63,PBS lyase HEAT-like repeat 
2,PCD-like 
19,Pce catalytic domain-like 
17,PCI domain (PINT motif) 
22,PDEase 
46,PDI-like 
4,P-domain of calnexin/calreticulin 
1,PdxA-like 
3,PdxS-like 
153,PDZ domain 
4,Pectate transeliminase 
1,Pectin methylesterase 
2,Penicillinase repressor 
2,Penicillin V acylase 
210,Penta-EF-hand proteins 
5,Pentapeptide repeats 
42,Pentraxin (pentaxin) 
2,PEP carboxykinase C-terminal domain 
2,PEP carboxykinase N-terminal domain 
10,Pepsin-like 
1,Peptide deformylase 
1,Peptide methionine sulfoxide reductase 
9,Peptidoglycan binding domain- PGBD 
25,Peptidoglycan biosynthesis glycosyltransferase MurG 
1,Peptidoglycan hydrolase LytM 
5,Peptidylarginine deiminase Pad4- catalytic C-terminal domain 
5,Peptidylarginine deiminase Pad4- middle domain 
5,Peptidylarginine deiminase Pad4- N-terminal domain 
4,Peptidyl carrier domain 
3,Peptidylglycine alpha-hydroxylating monooxygenase- PHM 
5,Peptidyl-tRNA hydrolase domain 
2,Peptidyl-tRNA hydrolase II 
1,Peptidyl-tRNA hydrolase-like 
74,PepX catalytic domain-like 
3,Peripheral subunit-binding domain of 2-oxo acid dehydrogenase complex 
1,Periplasmic chaperone C-domain 
1,Periplasmic domain of cytochrome c oxidase subunit II 
1,PF0523-like 
7,PF0610-like 
3,PF1790-like 
5,PfkB-like kinase 
1,PFOR Pyr module 
2,PG130-like 
6,PglD-like 
1,Phage lysozyme 
26,Phage repressors 
2,PHAT domain 
48,PHB depolymerase-like 
152,PHD domain 
5,Phenylalanine metabolism regulatory domain 
5,PhnA zinc-binding domain 
1,PhoB-like 
34,Phosducin 
5,Phoshatidylinositol transfer protein- PITP 
24,Phoshoinositide 3-kinase (PI3K)- catalytic domain 
10,Phoshoinositide 3-kinase (PI3K) helical domain 
52,phosphatase domain of polynucleotide kinase 
19,Phosphate binding protein-like 
2,Phosphatidylethanolamine binding protein 
9,Phosphatidylinositol phosphate kinase IIbeta- PIPK IIbeta 
28,Phosphoesterase-related 
4,Phosphofructokinase 
5,Phosphoglucomutase- C-terminal domain 
5,Phosphoglucomutase- first 3 domains 
2,Phosphoglucose isomerase- PGI 
1,Phosphoglycerate kinase 
2,Phosphoinositide-binding clathrin adaptor- domain 2 
19,Phosphoinositide-binding clathrin adaptor- N-terminal domain 
1,Phospholipase C 
12,Phospholipase D 
4,Phosphomevalonate kinase (PMK) 
38,Phosphonoacetaldehyde hydrolase-like 
18,Phosphonoacetate hydrolase 
1,Phosphorelay protein luxU 
10,Phosphoribosylpyrophosphate synthetase-like 
12,Phosphoribosyltransferases (PRTases) 
350,Phosphoribulokinase/pantothenate kinase 
64,Phosphoserine phosphatase 
13,Phosphotriesterase-like 
241,Phosphotyrosine-binding domain (PTB) 
1,PhoU-like 
2,PHP domain 
2,PhyH-like 
4,PhzA/PhzB-like 
3,PhzC/PhzF-like 
1,PilZ domain 
5,PIN domain 
1,Pirin-like 
8,PIWI domain 
7,PKD domain 
7,Plakin repeat 
71,Plakophilin 1 helical region 
701,Plant C2H2 finger (QALGGH zinc finger) 
1,Plant defensins 
6,Plant lipoxigenases 
94,Plant O-methyltransferase- C-terminal domain 
2,Plant O-methyltransferase- N-terminal domain 
364,Plasmid maintenance system epsilon/zeta- toxin zeta subunit 
7,Plastocyanin/azurin-like 
8,Platelet-derived growth factor-like 
158,PLC-like (P variant) 
294,Pleckstrin-homology domain (PH domain) 
1,Pleiotropic translational regulator Hfq 
33,Plexin repeat 
1,Plus3 
3,PMP inhibitors 
2,PNP-oxidase like 
30,Pointed domain 
206,Polcalcin 
5,Polo-box duplicated region 
17,Poly(ADP-ribose) polymerase- C-terminal domain 
2,Poly A polymerase C-terminal region-like 
1,Poly A polymerase head domain-like 
3,Poly(A) polymerase- PAP- C-terminal domain 
4,Poly(A) polymerase- PAP- middle domain 
10,Poly(A) polymerase- PAP- N-terminal domain 
227,Polygalacturonase inhibiting protein PGIP 
1,Polynucleotide phosphorylase/guanosine pentaphosphate synthase (PNPase/GPSI)- domain 3 
43,Polypeptide N-acetylgalactosaminyltransferase 1- N-terminal domain 
1,Porphobilinogen deaminase (hydroxymethylbilane synthase)- C-terminal domain 
1,Porphyromonas-type peptidylarginine deiminase 
5,Post formyltransferase domain 
60,Potassium channel NAD-binding domain 
19,POU-specific domain 
8,PP1699/LP2961-like 
20,PP2C-like 
8,PP-loop ATPase 
10,Ppx/GppA phosphatase 
16,PqsE-like 
10,PR-1-like 
7,PreBEACH PH-like domain 
104,Precorrin-6Y methyltransferase (CbiT) 
67,Predicted hydrolases Cof 
1,Predicted metal-dependent hydrolase 
18,Prefoldin 
1,Preprotein translocase SecE subunit 
2,Preprotein translocase SecY subunit 
1,PrgX N-terminal domain-like 
1,PriA-like 
1,Primase fragment of primase-helicase protein 
1,Prion-like 
1,Probable ACP-binding domain of malonyl-CoA ACP transacylase 
33,Probable phosphatase YrbI 
5,Probable transcriptional regulator VC1968- C-terminal domain 
13,Probable transcriptional regulator VC1968- N-terminal domain 
3,ProC C-terminal domain-like 
4,Profilin (actin-binding protein) 
2,Proguanylin 
6,Prohormone convertase 1 pro-domain 
3,Prokaryotic DNA-bending protein 
2,Prokaryotic glutathione synthetase- N-terminal domain 
2,Prokaryotic PEBP-like proteins 
1,Prokaryotic phospholipase A2 
109,Prokaryotic proteases 
1,Prokaryotic ribosomal protein L17 
2,Prokaryotic type I DNA topoisomerase 
35,Prokaryotic type KH domain (KH-domain type II) 
2,Proline dehydrohenase domain of bifunctional PutA protein 
111,Proline iminopeptidase-like 
1,Proline racemase 
67,Prolyl oligopeptidase- C-terminal domain 
20,Prolyl oligopeptidase- N-terminal domain 
6,Proprotein convertase P-domain 
3,Proteasome activator 
20,Proteasome subunits 
69,Protein kinase cysteine-rich domain (cys2- phorbol-binding domain) 
499,Protein kinases- catalytic subunit 
101,Protein-L-isoaspartyl O-methyltransferase 
10,Protein prenyltransferases 
135,Protein prenylyltransferase 
24,Protein serine/threonine phosphatase 
3,Protein serine/threonine phosphatase 2C- C-terminal domain 
7,Proton glutamate symport protein 
2,Protozoan pheromone proteins 
2,PRP4-like 
1,Prp8 beta-finger domain-like 
8,PsbU-like 
255,Pseudo ankyrin repeat 
5,Pseudouridine synthase II TruB 
3,Pseudouridine synthase I TruA 
1,Pseudouridine synthase RsuA N-terminal domain 
5,Pseudouridine synthase RsuA/RluD 
1,PSF1 N-terminal domain-like 
1,PSF2 C-terminal domain-like 
1,PSF2 N-terminal domain-like 
1,PSF3 C-terminal domain-like 
2,PSF3 N-terminal domain-like 
2,Psq domain 
1,PTD012-like 
1,PTPA-like 
1,PTS-regulatory domain- PRD 
4,PUA domain 
3,PUG domain 
5,Pumilio repeat 
4,Purine and uridine phosphorylases 
4,PurM C-terminal domain-like 
4,PurM N-terminal domain-like 
22,PurP ATP-binding domain-like 
20,Purple acid phosphatase-like 
2,Purple acid phosphatase- N-terminal domain 
1,Putative acetylxylan esterase-like 
1,Putative alpha-L-fucosidase- catalytic domain 
2,Putative anticodon-binding domain of alanyl-tRNA synthetase (AlaRS) 
7,Putative glucosidase YicI- domain 3 
282,Putative isomerase YbhE 
2,Putative methyltransferase TM0872- insert domain 
1,Putative nitroreductase TM1586 
102,Putative serine hydrolase Ydr428c 
1,Putative thiamin/HMP-binding protein YkoF 
4,Putative zinc binding domain 
4,PWI domain 
24,PWWP domain 
53,PX domain 
31,Pyk2-associated protein beta ARF-GAP domain 
1,Pym (Within the bgcn gene intron protein- WIBG)- N-terminal domain 
31,PYP-like 
1,PyrH-like 
28,Pyridoxal-dependent decarboxylase 
29,Pyrimidine 5-nucleotidase (UMPH-1) 
1,Pyrimidine nucleoside phosphorylase C-terminal domain 
23,Pyrin domain- PYD 
2,Pyrrolidone carboxyl peptidase (pyroglutamate aminopeptidase) 
6,Pyruvate-ferredoxin oxidoreductase- PFOR- domain II 
2,Pyruvate kinase 
2,Pyruvate kinase beta-barrel domain 
2,Pyruvate kinase- C-terminal domain 
9,Pyruvate oxidase and decarboxylase- middle domain 
9,Pyruvate oxidase and decarboxylase PP module 
3,Pyruvate oxidase and decarboxylase Pyr module 
4,Quercetin 2-3-dioxygenase-like 
4,Quinohemoprotein amine dehydrogenase A chain- domains 1 and 2 
295,Quinohemoprotein amine dehydrogenase B chain 
2,Quinone reductase 
3,Quinoprotein alcohol dehydrogenase- C-terminal domain 
28,Quinoprotein alcohol dehydrogenase-like 
1,R1 subunit of ribonucleotide reductase- C-terminal domain 
1,R1 subunit of ribonucleotide reductase- N-terminal domain 
11,R3H domain 
1,Rabenosyn-5 Rab-binding domain-like 
1,RabGEF Mss4 
239,Rab geranylgeranyltransferase alpha-subunit- C-terminal domain 
1,Rab geranylgeranyltransferase alpha-subunit- insert domain 
3,Rad21/Rec8-like 
22,Ran-binding domain 
1,Ran-binding protein mog1p 
24,Ran binding protein zinc finger-like 
1,Ran-GTPase activating protein 1 (RanGAP1)- C-terminal domain 
2,Rap30/74 interaction domains 
1,RAP domain 
11,Rap/Ran-GAP 
64,Ras-binding domain- RBD 
27,Ras GEF 
4,RBP11/RpoL 
21,RBP12 subunit of RNA polymerase II 
1,RbsD-like 
1,RecA protein- C-terminal domain 
679,RecA protein-like (ATPase-domain) 
4,Receiver domain of the ethylene receptor 
2,RecG wedge domain 
8,RecO C-terminal domain-like 
16,Recombinase DNA-binding domain 
8,RecQ helicase DNA-binding domain-like 
20,Reductases 
20,Regulator of chromosome condensation RCC1 
38,Regulator of G-protein signaling- RGS 
1,Regulatory protein AraC 
1,Regulatory subunit H of the V-type ATPase 
10,Rel/Dorsal transcription factors- DNA-binding domain 
5,Release factor 
1,Renal dipeptidase 
60,Reprolysin-like 
4,Retinoblastoma tumor suppressor domains 
20,Retinol binding protein-like 
5,Retroviral integrase- catalytic domain 
15,Retroviral protease (retropepsin) 
1,Retrovirus capsid protein- N-terminal core domain 
49,Retrovirus zinc finger-like domains 
4,Reverse transcriptase 
3,RGC domain 
6,Rhamnogalacturonan acetylesterase 
9,Rhamnogalacturonase B- RhgB- middle domain 
774,Rhodopsin-like 
6,RhoGDI-like 
13,Rhomboid-like 
1,Riboflavin synthase 
6,Ribokinase-like 
12,Ribonuclease A-like 
5,Ribonuclease H 
7,Ribonuclease PH domain 1-like 
7,Ribonuclease PH domain 2-like 
1,Ribonuclease Rh-like 
2,Ribonucleotide reductase-like 
2,Ribosomal L11/L12e N-terminal domain 
1,Ribosomal L27 protein 
3,Ribosomal protein L1 
3,Ribosomal protein L10e 
4,Ribosomal protein L10-like 
2,Ribosomal protein L11- C-terminal domain 
100,Ribosomal protein L11 methyltransferase PrmA 
3,Ribosomal protein L13 
2,Ribosomal protein L14 
3,Ribosomal protein L14e 
3,Ribosomal protein L16p 
4,Ribosomal protein L18 and S11 
1,Ribosomal protein L19 
1,Ribosomal protein L19 (L19e) 
1,Ribosomal protein L20 
1,Ribosomal protein L21p 
2,Ribosomal protein L22 
2,Ribosomal protein L24e 
1,Ribosomal protein L28 
1,Ribosomal protein L29 (L29p) 
2,Ribosomal protein L3 
3,Ribosomal protein L30p/L7e 
1,Ribosomal protein L31e 
1,Ribosomal protein L32e 
9,Ribosomal protein L32p 
1,Ribosomal protein L33p 
1,Ribosomal protein L35ae 
1,Ribosomal protein L35p 
1,Ribosomal protein L36 
19,Ribosomal protein L37ae 
3,Ribosomal protein L37e 
3,Ribosomal protein L39e 
2,Ribosomal protein L4 
2,Ribosomal protein L40e 
2,Ribosomal protein L44e 
1,Ribosomal protein L5 
1,Ribosomal protein L7/12- C-terminal domain 
1,Ribosomal protein L7/12- oligomerisation (N-terminal) domain 
1,Ribosomal protein L9 N-domain 
3,Ribosomal protein S10 
2,Ribosomal protein S13 
2,Ribosomal protein S14 
1,Ribosomal protein S15 
1,Ribosomal protein S16 
3,Ribosomal protein S18 
1,Ribosomal protein S19 
2,Ribosomal protein S2 
1,Ribosomal protein S24e 
8,Ribosomal protein S27a 
4,Ribosomal protein S27e 
2,Ribosomal protein S4 (bacteria) 
1,Ribosomal protein S6 
2,Ribosomal protein S7 
3,Ribosomal proteins L15p and L18e 
5,Ribosomal proteins L24p and L21e 
2,Ribosomal S5 protein- N-terminal domain 
1,Ribosome-binding factor A- RbfA 
1,Ribosome recycling factor- RRF 
23,Ricin B-like 
5,Rieske iron-sulfur protein (ISP) 
3,RIKEN cDNA 2310057j16 protein (KIAA1543) 
363,RING finger domain- C3HC4 
7,Ring hydroxylating alpha subunit ISP domain 
1,Ring hydroxylating beta subunit 
467,RIO1-like kinases 
1,Rio2 serine protein kinase N-terminal domain 
251,Rna1p (RanGAP1)- N-terminal domain 
2,RNA 2-O ribose methyltransferase substrate binding domain 
2,RNA 3-terminal phosphate cyclase- RPTC 
2,RNA 3-terminal phosphate cyclase- RPTC- insert domain 
2,RNA-dependent RNA-polymerase 
14,RNA editing terminal uridyl transferase 2- RET2- domain 2 
259,RNA helicase 
3,RNA ligase 
31,RNA methyltransferase FtsJ 
2,RNA polymerase alpha subunit dimerisation domain 
3,RNA-polymerase beta 
3,RNA-polymerase beta-prime 
2,RNA polymerase II subunit RBP4 (RpoF) 
1,RNA polymerase subunit RBP8 
1,RNA polymerase subunit RPB10 
3,RNase D C-terminal domains 
3,RNase III catalytic domain-like 
1,RNase P subunit p29-like 
1,RNase P subunit p30 
22,RNase Z-like 
4,RNB domain-like 
5,Roadblock/LC7 domain 
15,ROK 
5,ROK associated domain 
17,ROO N-terminal domain-like 
45,RoRNP C-terminal domain-like 
5,Rpa4348-like 
3,RPA4359-like 
1,RPB5 
1,RPB6 
1,RPF-like 
2,RpiR-like 
1,RplX-like 
1,RPO3F domain-like 
1,RpoE2-like 
2,Rpp14/Pop5-like 
10,RPR domain (SMART 00582 ) 
1,Rps17e-like 
1,Rps19E-like 
63,rRNA adenine dimethylase-like 
7,rRNA methyltransferase AviRa 
95,rRNA methyltransferase RlmA 
1,RuBisCo- large subunit- C-terminal domain 
33,RuBisCo LSMT catalytic domain 
3,RuBisCo LSMT C-terminal- substrate-binding domain 
244,Rubredoxin 
19,RUN domain 
3,RUNT domain 
1,Rv2717c-like 
1,Rv2844-like 
4,Rv3472-like 
27,RWD domain 
174,S100 proteins 
3,S-adenosylhomocystein hydrolase 
1,S-adenosylmethionine decarboxylase 
2,S-adenosylmethionine synthetase 
20,SAH/MTA deaminase-like 
1,SAICAR synthase 
3,Salicylic acid carboxyl methyltransferase (SAMT) 
114,SAM (sterile alpha motif) domain 
9,SAND domain 
28,SAP domain 
6,Saposin B 
1,Satiety factor CART (cocaine and amphetamine regulated transcript) 
4,SAV4671-like 
4,Sbal0622-like 
61,SCAN domain 
18,Scavenger receptor cysteine-rich (SRCR) domain 
9,SCF ubiquitin ligase complex WHB domain 
1,Scytalone dehydratase 
3,SEA domain 
8,Sec1/munc18-like (SM) proteins 
3,Sec63 C-terminal domain-like 
4,Sec63 N-terminal domain 
14,Sec7 domain 
1,Sec-C motif 
51,Second domain of FERM 
12,Second domain of Mu2 adaptin subunit (ap50) of ap2 adaptor 
5,Sedlin (SEDL) 
33,SelA-like 
7,Selenoprotein W-related 
2,SelR domain 
23,Sema domain 
39,SepSecS-like 
1,SerA intervening domain-like 
5,Serine acetyltransferase 
9,Serine-carboxyl proteinase- SCP 
17,Serine carboxypeptidase-like 
28,Serine proteinase inhibitor lekti 
35,Serpins 
52,Serralysin-like metalloprotease- catalytic (N-terminal) domain 
3,Serum albumin-like 
24,Serum paraoxonase/arylesterase 1- PON1 
3,Seryl-tRNA synthetase (SerRS) 
141,SGL-like 
108,SH2 domain 
14,SH3BGR (SH3-binding- glutamic acid-rich protein-like) 
212,SH3-domain 
550,Shikimate kinase (AroK) 
14,Short-chain cytokines 
6,Short-chain ferredoxins 
3,Short-chain scorpion toxins 
1,Siah interacting protein N terminal domain-like 
13,SIAH- seven in absentia homolog 
6,Sialidases (neuraminidases) 
2,Sigma3 domain 
13,Sigma4 domain 
1,Signal peptide-binding domain 
2,Signal recognition particle alu RNA binding heterodimer- SRP9/14 
4,Single 4Fe-4S cluster ferredoxin 
25,Single-domain sulfurtransferase 
15,Single strand DNA-binding domain- SSB 
1,Single-strand selective monofunctional uracil-DNA glycosylase SMUG1 
28,SinR domain-like 
1,SinR repressor dimerisation domain-like 
9,Sir2 family of transcriptional regulators 
44,Siroheme synthase N-terminal domain-like 
1,Skp1 dimerisation domain-like 
1,SLD5 C-terminal domain-like 
1,SLD5 N-terminal domain-like 
3,SLIDE domain 
1,Smac/diablo 
4,SMAD4-binding domain of oncoprotein Ski 
10,SMAD domain 
8,SMAD MH1 domain 
4,Small-conductance potassium channel 
15,Small Kunitz-type inhibitors & BPTI-like toxins 
6,Smc hinge domain 
5,Smg-4/UPF3 
2,SMI1/KNR4-like 
21,Sm motif of small nuclear ribonucleoproteins- SNRNP 
1,Smr domain 
2,Smu440-like 
8,Snake venom toxins 
19,SNF-like 
4,SnoaL-like polyketide cyclase 
4,SO0125-like 
38,SOCS box-like 
1,Soft tick anticoagulant proteins 
14,Soluble quinoprotein glucose dehydrogenase 
9,Somatomedin B domain 
5,SorC sugar-binding domain-like 
3,SOUL heme-binding protein 
1,SP1160 C-terminal domain-like 
34,Spectrin repeat 
39,Spermadhesin- CUB domain 
53,Spermidine synthase 
28,Sphingomyelin phosphodiesterase-like 
3,Spider toxins 
38,spliceosomal protein U5-15Kd 
155,Splicing factor U2AF subunits 
1,Spo0A 
1,SPO1678-like 
3,SPOC domain 
33,Spore coat polysaccharide biosynthesis protein SpsA 
28,Sporulation response regulatory protein Spo0B 
3,SpoU-like RNA 2-O ribose methyltransferase 
94,SPRY domain 
2,SPT5 KOW domain-like 
2,Squalene synthase 
2,SRA domain-like 
5,SRF-like 
1,SRP19 
1,SRP alpha N-terminal domain-like 
1,SSo0622-like 
2,SSO2064-like 
4,Ssp2 C-terminal domain-like 
2,SSRP1-like 
2,Staphylococcal nuclease 
5,Starch-binding domain 
16,STAR domain 
7,STAT 
7,STAT DNA-binding domain 
7,Stathmin 
10,Steroid-binding domain 
5,Sterol carrier protein- SCP 
1,STM3548-like 
1,Substrate-binding domain of HMG-CoA reductase 
2,Subtilase propeptides/inhibitors 
9,Subtilases 
1,Subunit XI (6.4 kDa protein) of cytochrome bc1 complex (Ubiquinol-cytochrome c reductase) 
1,Subunit X (non-heme 7 kDa protein) of cytochrome bc1 complex (Ubiquinol-cytochrome c reductase) 
1,Succinate dehydrogenase/fumarate reductase flavoprotein- catalytic domain 
1,Succinate dehydrogenase/fumarate reductase flavoprotein C-terminal domain 
60,Succinate dehydrogenase/fumarate reductase flavoprotein N-terminal domain 
2,Succinate dehydrogenase/Fumarate reductase transmembrane subunits (SdhC/FrdC and SdhD/FrdD) 
11,Succinyl-CoA synthetase- beta-chain- N-terminal domain 
4,Succinyl-CoA synthetase domains 
1,Sulfiredoxin-like 
12,Supernatant protein factor (SPF)- C-terminal domain 
6,Surp module (SWAP domain) 
13,SVA-like 
5,Swaposin 
2,Swapped Polo-box domain 
5,SWIB/MDM2 domain 
7,SWIRM domain 
29,Synapsin C-terminal domain 
3,Synapsin domain 
139,Synaptotagmin-like (S variant) 
4,Synatpobrevin N-terminal domain 
1,T7 RNA polymerase 
18,Ta0583-like 
93,Ta1320-like 
2,Tachycitin 
2,Taf5 N-terminal domain-like 
5,TAFH domain-like 
2,TAF(II)230 TBP-binding fragment 
1,Tail specific protease- catalytic domain 
95,Tail specific protease PDZ domain 
275,Tandem AAA-ATPase domain 
17,TAP-C domain-like 
7,TAP-like 
5,TATA-box binding protein (TBP)- C-terminal domain 
6,TatD Mg-dependent DNase-like 
3,TauD/TfdA-like 
2,TAZ domain 
7,TB module/8-cys domain 
17,T-box 
71,TBP-associated factors- TAFs 
38,TBP-interacting protein-like 
99,TehB-like 
2,Telomeric repeat binding factor (TRF) dimerisation domain 
1,TENA/THI-4 
14,Terpene synthases 
3,Tetracyclin repressor-like- C-terminal domain 
16,Tetracyclin repressor-like- N-terminal domain 
4,Tetrahydrodipicolinate-N-succinlytransferase- THDP-succinlytransferase- DapD 
4,Tetrahydrofolate dehydrogenase/cyclohydrolase 
68,Tetramerization domain of potassium channels 
2,Tetrapyrrole methylase 
7,Tetraspanin 
190,Tetratricopeptide repeat (TPR) 
6,Tex HhH-containing domain-like 
2,Tex N-terminal region-like 
3,Tex RuvX-like domain-like 
1,TFB5-like 
1,TFIIH domain 
14,TFIIH p44 subunit cysteine-rich domain 
4,TGS domain 
13,THAP domain 
1,The central core domain of TFIIE beta 
2,The homologous-pairing domain of Rad52 recombinase 
2,The laminin-binding domain of agrin 
3,Thermolysin-like 
4,The spindle assembly checkpoint protein mad2 
56,Thi4-like 
5,Thiamin biosynthesis kinases 
8,Thiamin phosphate synthase 
1,Thiamin pyrophosphokinase- catalytic domain 
1,Thiamin pyrophosphokinase- substrate-binding domain 
6,ThiG-like 
11,ThiI-like 
99,Thioesterase domain of polypeptide- polyketide and fatty acid synthases 
118,Thioesterases 
11,Thiolase-related 
75,Thioltransferase 
109,Thiopurine S-methyltransferase 
1,Thioredoxin-like 2Fe-2S ferredoxin 
57,Third domain of FERM 
1,ThiS 
8,Threonyl-tRNA synthetase (ThrRS)- second additional domain 
12,Thrombin inhibitor 
5,Thrombospondin C-terminal domain 
1,ThuA-like 
3,THUMP domain 
16,Thyroglobulin type-1 domain 
4,Tick carboxypeptidase inhibitor-like 
6,Tim10/DDP 
3,TIM44-like 
2,TIP49 domain 
18,Tissue inhibitor of metalloproteinases- TIMP 
7,TK-like PP module 
5,TK-like Pyr module 
17,TM0894-like 
1,TM1012-like 
8,TM1287-like 
7,TM1459-like 
59,TNF-alpha converting enzyme- TACE- catalytic domain 
36,TNF-like 
23,TNF receptor-like 
129,TolB- C-terminal domain 
21,Toll/Interleukin receptor TIR domain 
4,Topoisomerase VI-B subunit middle domain 
1,Topoisomerase V repeat domain 
1,Tpt1/KptA 
1,TRADD- N-terminal domain 
1,Transcriptional coactivator PC4 C-terminal domain 
143,Transcriptional factor domain 
5,Transcriptional factor tubby- C-terminal domain 
6,Transcriptional regulator IclR- N-terminal domain 
6,Transcriptional repressor Rex- C-terminal domain 
1,Transcription factor grauzone Cg33133-Pa- zinc finger associated domain 
3,Transcription factor IIA (TFIIA)- alpha-helical domain 
3,Transcription factor IIA (TFIIA)- beta-barrel domain 
19,Transcription factor IIB (TFIIB)- core domain 
136,Transcription factor MalT domain III 
8,Transcription factor STAT-4 N-domain 
16,Transducin (alpha subunit)- insertion domain 
16,Transducin (heterotrimeric G protein)- gamma chain 
4,Transferrin 
7,Transferrin receptor-like dimerisation domain 
40,Transforming growth factor (TGF)-beta 
12,Transglutaminase core 
11,Transglutaminase N-terminal domain 
9,Transglutaminase- two C-terminal domains 
2,Transhydrogenase domain III (dIII) 
5,Transketolase C-terminal domain-like 
3,Translationally controlled tumor protein TCTP (histamine-releasing factor) 
9,Translational machinery components 
2,Translation initiation factor 2 beta- aIF2beta- N-terminal domain 
4,Translation initiation factor eIF4e 
1,Translation initiation factor IF3- C-terminal domain 
1,Translation initiation factor IF3- N-terminal domain 
2,Translin 
2,Transthyretin (synonym: prealbumin) 
5,TRAPP components 
6,TRASH domain 
10,Trefoil 
2,Trehalase-like 
4,Trehalose-6-phosphate synthase- OtsA 
54,Trehalose-phosphatase 
282,Tricorn protease domain 2 
98,Tricorn protease N-terminal domain 
5,Triosephosphate isomerase (TIM) 
2,Trm112p-like 
37,TRM1-like 
92,TrmB-like 
1,TrmE connector domain 
1,TrmE formyl-THF-binding domain 
109,tRNA(1-methyladenosine) methyltransferase-like 
2,tRNA-guanine transglycosylase 
3,tRNA-intron endonuclease catalytic domain-like 
2,tRNA pseudouridine synthase TruD 
3,tRNA splicing product Appr>p cyclic nucleotide phosphodiesterase 
2,TROVE domain-like 
1,Trp repressor- TrpR 
19,Trunk domain of Sec23/24 
6,Tryptophan biosynthesis enzymes 
10,Tryptophan synthase beta subunit-like PLP-dependent enzymes 
22,t-snare proteins 
8,TS-N domain 
49,TSP-1 type 1 repeat 
5,TSP type-3 repeat 
29,TT1561-like 
8,TTHA0179-like 
2,TTHA0227-like 
1,TTHA0281-like 
3,TTHA0727-like 
1,TTHA0967-like 
65,TTHA1544-like 
1,Tubulin chaperone cofactor A 
21,Tubulin- C-terminal domain 
25,Tubulin- GTPase domain 
38,Tudor domain 
3,Two-domain cytochrome c 
38,Txnl5-like 
4,Type 1 signal peptidase 
18,Type 2 phosphatidic acid phosphatase- PAP2 
1,Type I dockerin domain 
7,Type II chitinase 
26,Type II DNA methylase 
5,Type II DNA topoisomerase C-terminal domain-like 
3,Type II Proline 3-hydroxylase (proline oxidase) 
5,Type II thymidine kinase 
1,Type II thymidine kinase zinc finger 
2,Type I phosphomannose isomerase 
1,Type I restriction modification DNA specificity domain 
117,Tyrosine-dependent oxidoreductases 
1,Tyrosyl-DNA phosphodiesterase TDP1 
1,Tyrosyl-tRNA synthetase (TyrRS)- C-terminal domain 
242,U2A-like 
33,UAS domain 
51,UBA domain 
41,UBC-related 
110,UbiE/COQ5-like 
2,Ubiquinol-cytochrome c reductase 8 kDa protein 
1,Ubiquinone-binding protein QP-C of cytochrome bc1 complex (Ubiquinol-cytochrome c reductase) 
12,Ubiquitin activating enzymes (UBA) 
24,Ubiquitin carboxyl-terminal hydrolase 8- USP8 
77,Ubiquitin carboxyl-terminal hydrolase- UCH 
4,Ubiquitin carboxyl-terminal hydrolase UCH-L 
76,Ubiquitin-related 
11,Ubiquitin thiolesterase protein OTUB2 (Otubain-2) 
298,U-box 
21,UBX domain 
59,UDP-galactopyranose mutase- N-terminal domain 
5,UDP-glucose/GDP-mannose dehydrogenase C-terminal domain 
2,UDP-glucose/GDP-mannose dehydrogenase dimerisation domain 
9,UDP-glucose pyrophosphorylase 
20,UDPGT-like 
5,UDP-N-acetylglucosamine 2-epimerase 
6,UDP N-acetylglucosamine acyltransferase 
41,UEV domain 
8,UFC1-like 
2,Undecaprenyl diphosphate synthase 
1,Universal stress protein-like 
58,(Uracil-5-)-methyltransferase 
1,Uracil-DNA glycosylase 
1,UraD-like 
4,Uridine diphospho-N-Acetylenolpyruvylglucosamine reductase (MurB)- N-terminal domain 
2,Urocanase 
2,Uroporphyrinogen decarboxylase- UROD 
1,USP8 interacting domain 
3,USP8 N-terminal domain-like 
8,Uteroglobin-like 
1,UxuA-like 
2,Vacuolar ATP synthase subunit C 
4,Vacuolar sorting protein domain 
7,ValRS/IleRS/LeuRS editing domain 
1,Valyl-tRNA synthetase (ValRS) C-terminal domain 
2,Vanabin-like 
5,Vanillyl-alcohol oxidase-like 
2,VanY-like 
5,variant C2H2 finger 
20,variant PHD-like domain 
263,Variant RING domain 
2,Variant SAM domain 
3,VBS domain 
3,VC0802-like 
10,Vertebrate phospholipase A2 
2,VHL 
8,VHP- Villin headpiece domain 
14,VHS domain 
56,Viral cysteine protease of trypsin fold 
49,Viral histone H3 Lysine 27 Methyltransferase 
41,Viral proteases 
49,Vitelline membrane outer protein-I (VMO-I) 
1,Vng1086c-like 
124,Voltage-gated potassium channels 
1,VPS23 C-terminal domain 
1,VPS28 C-terminal domain-like 
1,VPS28 N-terminal domain 
5,VPS36 N-terminal domain-like 
1,VPS37 C-terminal domain-like 
10,VPS9 domain 
437,V set domains (antibody variable domain-like) 
2,V-type ATPase subunit E 
2,V-type ATP synthase subunit C 
34,VWC domain 
321,WD40-repeat 
3,WGR domain 
8,Wiscott-Aldrich syndrome protein- WASP- C-terminal domain 
8,WrbA-like 
53,WW domain 
11,WWE domain 
4,XPC-binding domain 
5,XPF/Rad1/Mus81 nuclease 
1,XRCC4- N-terminal domain 
1,Xylose isomerase 
1,YaeB-like 
1,YagB/YeeU/YfjZ-like 
1,YbaK/ProRS associated domain 
1,YbcJ-like 
1,YbeA-like 
2,YbiU-like 
1,YbjQ-like 
2,YccV-like 
6,YdcK-like 
102,YdeN-like 
1,YdhG-like 
1,YdjC-like 
2,YeaZ-like 
2,YebC-like 
24,YfcE-like 
6,YfgJ-like 
1,YfiH-like 
1,YgfY-like 
1,YggU-like 
19,YhfI-like 
98,YhhF-like 
15,YhiQ-like 
11,YicI catalytic domain-like 
6,YicI N-terminal domain-like 
1,YigZ N-terminal domain-like 
42,YihX-like 
1,YiiX-like 
11,YjeE-like 
2,YjeF C-terminal domain-like 
3,YjeF N-terminal domain-like 
1,YjgF/L-PSP 
1,YjjX-like 
1,YkuI C-terminal domain-like 
6,YlbA-like 
3,YlxM/p13-like 
53,Ypt/Rab-GAP domain of gyp1p 
1,YrdC-like 
1,YugE-like 
1,YuzD-like 
303,YVTN repeat 
42,YWTD domain 
9,YxiM C-terminal domain-like 
1,YxiM N-terminal domain-like 
4,YybH-like 
3,Z-DNA binding domain 
14,Zf-UBP 
4,Zinc-binding domain of translation initiation factor 2 beta 
1,Zinc finger domain of DNA polymerase-alpha 
2,Zinc hairpin stack 
29,Zinc protease 
12,Zn aminopeptidase catalytic domain 
11,Zn aminopeptidase N-terminal domain 
12,Zn-dependent arginine carboxypeptidase-like 
6,Zn-finger domain of Sec23/24 
18,Zn metallo-beta-lactamase 
25,ZZ domain 
