14 kDa protein of cytochrome bc1 complex (Ubiquinol-cytochrome c reductase),1
2-methylcitrate dehydratase PrpD,1
3-hydroxyanthranilic acid dioxygenase-like,1
3-methyladenine DNA glycosylase (AAG,1
4-oxalocrotonate tautomerase-like,1
4-Phosphopantetheinyl transferase SFP,1
5-aminolaevulinate dehydratase,1
a domain/subunit of cytochrome bc1 complex (Ubiquinol-cytochrome c reductase),1
AadK N-terminal domain-like,1
Acetylacetone-cleaving enzyme-like,1
Ada DNA repair protein,1
AF0104-like,1
AF1056-like,1
AF1403 N-terminal domain-like,1
AF1437-like,1
AF1531-like,1
AF1782-like,1
AFP III-like domain,1
AgoG-like,1
Aldose 1-epimerase (mutarotase),1
Alginate lyase A1-III,1
Allantoicase repeat,1
Allene oxide synthase,1
Allosteric threonine deaminase C-terminal domain,1
alpha-D-mannose-specific plant lectins,1
Aminopeptidase/glucanase lid domain,1
An Obfc1 domain,1
Anti-sigma factor AsiA,1
Antitermination factor NusB,1
Api92-like,1
Apyrase,1
Archaeal DNA-binding protein,1
Archaeal tRNA CCA-adding enzyme substrate-binding domain,1
Arginine repressor (ArgR),1
Arp2/3 complex 21 kDa subunit ARPC3,1
Arterivirus nucleocapsid protein,1
Aspartate/glutamate racemase,1
Aspartyl dipeptidase PepE,1
ATP synthase B chain-like,1
ATP synthase D chain-like,1
ATP12-like,1
AtpF-like,1
Atu0744-like,1
Atu1531-like,1
Atu1540-like,1
Atu2299-like,1
B12-dependent (class II) ribonucleotide reductase,1
Barwin,1
beta-Lactamase/D-ala carboxypeptidase,1
Biliverdin reductase,1
BLES03-like,1
BLRF2-like,1
BM-002-like,1
BRCA2 helical domain,1
BRCA2 tower domain,1
BT0572-like,1
Capz beta-1 subunit,1
Caspase-activated DNase,1
CBM11,1
CC0527-like,1
CCP-like,1
CDH-like,1
Cellulases catalytic domain,1
Cgl1923-like,1
Chemosensory protein Csp2,1
Class I DAHP synthetase,1
Class II MHC-associated invariant chain ectoplasmic trimerization domain,1
Class III anaerobic ribonucleotide reductase NRDD subunit,1
CoaB-like,1
CoaX-like,1
Cobalamin adenosyltransferase,1
Cobalt chelatase CbiK,1
Colicin E immunity proteins,1
Conserved carboxylase domain,1
Coproporphyrinogen III oxidase,1
CorA soluble domain-like,1
CorC/HlyC domain-like,1
Core binding factor beta,1
Coronavirus NSP10-like,1
COX17-like,1
C-terminal domain of class I lysyl-tRNA synthetase,1
C-terminal domain of DFF45/ICAD (DFF-C domain),1
C-terminal domain of glutamyl-tRNA synthetase (GluRS),1
C-terminal domain of Ku80,1
C-terminal domain of ProRS,1
C-terminal domain of the electron transfer flavoprotein alpha subunit,1
C-terminal domain of the rap74 subunit of TFIIF,1
CutC-like,1
Cyanovirin-N,1
CYTH domain,1
Cytochrome b of cytochrome bc1 complex (Ubiquinol-cytochrome c reductase),1
Cytochrome c oxidase subunit E,1
Cytochrome c oxidase subunit III-like,1
Cytochrome c oxidase subunit I-like,1
Cytochrome domain of cellobiose dehydrogenase,1
Cytochrome f,1
DAK1,1
Dcp2 box A domain,1
Dehydroquinate synthase,1
Deoxyhypusine synthase,1
DhaL-like,1
Diaminopimelate epimerase,1
Di-heme cytochrome c SoxA,1
Dimerisation domain of CENP-B,1
Dipeptidyl peptidase I (cathepsin C),1
Dissimilatory sulfite reductase DsvD,1
Divalent ion tolerance proteins CutA (CutA1),1
DmpA-like,1
DNA damage-inducible protein DinI,1
DNA polymerase III psi subunit,1
DNA replication factor Cdt1,1
DNA-binding domain of Mlu1-box binding protein MBP1,1
DNA-binding domain of retroviral integrase,1
Dom34/Pelota N-terminal domain-like,1
Domain from hypothetical 2610208m17rik protein,1
Domains B1 and B5 of PheRS-beta,1
Double-stranded DNA-binding domain,1
DR1885-like metal-binding protein,1
DsbC/DsbG N-terminal domain-like,1
DsrC,1
Duffy binding domain,1
E6 C-terminal domain-like,1
eEF1-gamma domain,1
eIF-2-alpha,1
Electron transfer flavoprotein-ubiquinone oxidoreductase-like,1
Elongation factor Ts (EF-Ts),1
EMG1/NEP1-like,1
Emsy N terminal (ENT) domain-like,1
Endonuclease IV,1
ENV polyprotein,1
Epsilon subunit of F1F0-ATP synthase C-terminal domain,1
Epsilon subunit of F1F0-ATP synthase N-terminal domain,1
ERH-like,1
ERO1-like,1
ERP29 C domain-like,1
EthD-like,1
Eukaryotic glutathione synthetase,1
Eukaryotic glutathione synthetase ATP-binding domain,1
EV matrix protein,1
Extended PAW domain,1
F1F0 ATP synthase subunit A,1
F420 dependent oxidoreductases,1
FabZ-like,1
Family 10 polysaccharide lyase,1
Ferrochelatase,1
Fic-like,1
FKBP12-rapamycin-binding domain of FKBP-rapamycin-associated protein (FRAP),1
FLJ32549 C-terminal domain-like,1
FLJ32549 domain-like,1
Fumarylacetoacetate hydrolase,1
GAD domain,1
Ganglioside M2 (gm2) activator,1
GckA/TtuD-like,1
GIY-YIG endonuclease,1
Glutamate mutase,1
Glutamate-cysteine ligase family 2 (GCS2),1
Glutaminase/Asparaginase,1
Glu-tRNAGln amidotransferase C subunit,1
Glycosyl hydrolases family 16,1
Glycosyltransferase family 36 N-terminal domain,1
GMC oxidoreductases,1
GreA transcript cleavage protein,1
GrpB-like,1
GSPII I/J protein-like,1
GspK insert domain-like,1
GTP cyclohydrolase I feedback regulatory protein,1
GyrA/ParC C-terminal domain-like,1
HAL/PAL-like,1
HBS1-like domain,1
Heat shock protein 15 kD,1
Heat-inducible transcription repressor HrcA,1
HemD-like,1
Heme chaperone CcmE,1
Heme-dependent catalases,1
Hemolysin expression modulating protein HHA,1
Heparin-binding domain from vascular endothelial growth factor,1
HEPN domain,1
Hevein-like agglutinin (lectin) domain,1
HisI-like,1
Hjc-like,1
Homogentisate dioxygenase,1
Homoserine dehydrogenase-like,1
HSP33 redox switch-like,1
HTLV-II matrix protein,1
HupF/HypC-like,1
Hypothetical protein APE0525,1
Hypothetical protein PF0380,1
Hypothetical protein PH1602,1
Hypothetical protein SAV1430,1
Hypothetical protein TM0269,1
Hypothetical protein TM1112,1
Hypothetical protein TT1725,1
Hypothetical protein ybl036c,1
Hypothetical protein YgbM (EC1530),1
Hypothetical protein YgiW,1
Hypothetical protein Yhr087W,1
Hypothetical RNA methyltransferase domain (HRMD),1
ICP-like,1
Immunoglobulin-binding domains,1
Indigoidine synthase A-like,1
Inosicase,1
Insect pheromone/odorant-binding proteins,1
IpaD-like,1
ITPase (Ham1),1
Janus/Ocnus,1
KduI-like,1
KguE-like,1
L,1
lambda exonuclease,1
Lambda integrase-like,1
LemA-like,1
Limonene-1,1
Long-chain scorpion toxins,1
Mannose-binding lectins,1
MazG-like,1
MED7 hinge region,1
MerB-like,1
MesJ substrate recognition domain-like,1
Methenyltetrahydrofolate cyclohydrolase-like,1
Methionine synthase SAM-binding domain,1
Methyl-coenzyme M reductase alpha and beta chain C-terminal domain,1
Methylene-tetrahydromethanopterin dehydrogenase,1
Methylmalonyl-CoA mutase,1
Methyltetrahydrofolate-utiluzing methyltransferases,1
Mevalonate 5-diphosphate decarboxylase,1
MG296-like,1
MgsA/YrvN C-terminal domain-like,1
MioX-like,1
Mitochondrial cytochrome c oxidase subunit VIc,1
Mitochondrial cytochrome c oxidase subunit VIIc (aka VIIIa),1
Mitochondrial resolvase ydc2 catalytic domain,1
MJ0366-like,1
MMLV matrix protein-like,1
MoeA C-terminal domain-like,1
MoeA N-terminal region -like,1
Molybdenum cofactor biosynthesis protein C,1
Molybdenum-containing oxidoreductases-like dimerisation domain,1
mRNA decapping enzyme DcpS N-terminal domain,1
MTH1598-like,1
MTH1675-like,1
mu transposase,1
MukF C-terminal domain-like,1
Multidrug efflux transporter AcrB TolC docking domain; DN and DC subdomains,1
N-(1-D-carboxylethyl)-L-norvaline dehydrogenase,1
N5-CAIR mutase (phosphoribosylaminoimidazole carboxylase,1
NAD-binding domain of HMG-CoA reductase,1
NADH pyrophosphatase intervening domain,1
Nanomeric phage protein-like,1
N-deoxyribosyltransferase,1
NeuB-like,1
NIF3 (NGG1p interacting factor 3)-like,1
NifU C-terminal domain-like,1
Noggin,1
Non-fluorescent flavoprotein (luxF,1
Nq06-like,1
Nqo1 FMN-binding domain-like,1
Nqo1 middle domain-like,1
Nqo1C-terminal domain-like,1
Nqo5-like,1
Ns1 effector domain-like,1
Nsp15 C-terminal domain-like,1
N-terminal domain of DnaB helicase,1
N-terminal domain of eukaryotic peptide chain release factor subunit 1,1
N-terminal domain of molybdate-dependent transcriptional regulator ModE,1
N-terminal domain of the delta subunit of the F1F0-ATP synthase,1
Nucleoside phosphorylase/phosphoribosyltransferase catalytic domain,1
Nudix-associated domain,1
NusA extra C-terminal domains,1
Obg GTP-binding protein C-terminal domain,1
Olfactory marker protein,1
Oligosaccharyltransferase subunit ost4p,1
OmpH-like,1
Outer membrane adhesin/invasin OpcA,1
Oxidoreductase molybdopterin-binding domain,1
PA0793-like,1
PA1314-like,1
ParB-like nuclease domain,1
PBP5 C-terminal domain-like,1
PdxA-like,1
Pectin methylesterase,1
Peptide deformylase,1
Peptidoglycan hydrolase LytM,1
Peptidyl-tRNA hydrolase-like,1
PetM subunit of the cytochrome b6f complex,1
PF0523-like,1
PF1955-like,1
PH0987 C-terminal domain-like,1
PH0987 N-terminal domain-like,1
Phage lysozyme,1
Phase 1 flagellin,1
Phosphoenolpyruvate carboxylase,1
Phosphoglycerate dehydrogenase,1
Phosphoglycerate kinase,1
Phospholipase C,1
Phosphoprotein M1,1
Phosphorelay protein luxU,1
Photosynthetic reaction centre (cytochrome subunit),1
PhoU-like,1
Phycocyanin-like phycobilisome proteins,1
Pilin,1
PilZ domain,1
Pirin-like,1
Plant inhibitors of proteinases and amylases,1
Plus3,1
Poly A polymerase head domain-like,1
Polynucleotide phosphorylase/guanosine pentaphosphate synthase (PNPase/GPSI),1
Porphobilinogen deaminase (hydroxymethylbilane synthase),1
Poxvirus poly(A) polymerase catalytic subunit-like,1
Predicted metal-dependent hydrolase,1
Preprotein translocase SecE subunit,1
PrgX N-terminal domain-like,1
PriA-like,1
Primase fragment of primase-helicase protein,1
Prion-like,1
Probable ACP-binding domain of malonyl-CoA ACP transacylase,1
Prokaryotic DNA topoisomerase I,1
Prokaryotic phospholipase A2,1
Prokaryotic ribosomal protein L17,1
PsbI-like,1
PsbM-like,1
PSF2 C-terminal domain-like,1
PSF2 N-terminal domain-like,1
PSF3 C-terminal domain-like,1
PTD012-like,1
PTPA-like,1
PTS system,1
PTS-regulatory domain,1
Putative acetylxylan esterase-like,1
Putative nitroreductase TM1586,1
Putative thiamin/HMP-binding protein YkoF,1
Pym (Within the bgcn gene intron protein,1
PyrH-like,1
Pyridoxine 5-phosphate synthase,1
Pyrimidine nucleoside phosphorylase C-terminal domain,1
Rabenosyn-5 Rab-binding domain-like,1
RabGEF Mss4,1
Ran-binding protein mog1p,1
Ran-GTPase activating protein 1 (RanGAP1),1
RAP domain,1
RbsD-like,1
RecG,1
Recombination endonuclease VII,1
Regulatory protein AraC,1
Renal dipeptidase,1
Replisome organizer (g39p helicase loader/inhibitor protein),1
Resistin,1
Restriction endonuclease EcoO109IR,1
RibD C-terminal domain-like,1
Riboflavin synthase,1
Ribonuclease Rh-like,1
Ribosomal protein L19,1
Ribosomal protein L19 (L19e),1
Ribosomal protein L21p,1
Ribosomal protein L29 (L29p),1
Ribosomal protein L31e,1
Ribosomal protein L32e,1
Ribosomal protein L35ae,1
Ribosomal protein L35p,1
Ribosomal protein L36,1
Ribosomal protein L5,1
Ribosomal protein S15,1
Ribosomal protein S16,1
Ribosomal protein S19,1
Ribosomal protein S6,1
Ribosome recycling factor,1
Ribosome-binding factor A,1
Rio2 serine protein kinase N-terminal domain,1
RNA polymerase subunit RBP8,1
RNA polymerase subunit RPB10,1
RNase P subunit p29-like,1
RNase P subunit p30,1
RPB6,1
RPF-like,1
RplX-like,1
Rps17e-like,1
Rps19E-like,1
Rv2717c-like,1
S-adenosylmethionine decarboxylase,1
Satiety factor CART (cocaine and amphetamine regulated transcript),1
Scytalone dehydratase,1
Sden0562-like,1
SerA intervening domain-like,1
Shikimate dehydrogenase-like,1
Siah interacting protein N terminal domain-like,1
Single-strand selective monofunctional uracil-DNA glycosylase SMUG1,1
SLD5 C-terminal domain-like,1
SMK toxin,1
SO2669-like,1
Soft tick anticoagulant proteins,1
Sortase,1
SP0561-like,1
Spo0A,1
SRP alpha N-terminal domain-like,1
SRP19,1
SSo0622-like,1
Staphylocoagulase,1
Staphylokinase/streptokinase,1
Substrate-binding domain of HMG-CoA reductase,1
Subunit X (non-heme 7 kDa protein) of cytochrome bc1 complex (Ubiquinol-cytochrome c reductase),1
Subunit XI (6.4 kDa protein) of cytochrome bc1 complex (Ubiquinol-cytochrome c reductase),1
Succinate dehydrogenase/fumarate reductase flavoprotein C-terminal domain,1
Sulfiredoxin-like,1
Superantigen toxins,1
T7 RNA polymerase,1
Tachylectin-2,1
Tail specific protease,1
TENA/THI-4,1
TFB5-like,1
The central core domain of TFIIE beta,1
Thioredoxin-like 2Fe-2S ferredoxin,1
ThiS,1
ThuA-like,1
TM0189-like,1
TM1012-like,1
TolA,1
TRADD,1
Transcriptional coactivator PC4 C-terminal domain,1
Transcriptional regulator Rrf2,1
Transposase IS200-like,1
TrmE connector domain,1
TrmE formyl-THF-binding domain,1
tRNA-intron endonuclease N-terminal domain-like,1
Trp repressor,1
TTHA0281-like,1
TTHA0967-like,1
TTHA1528-like,1
Type I dockerin domain,1
Type II deoxyuridine triphosphatase,1
TyrA dimerization domain-like,1
Tyrosyl-DNA phosphodiesterase TDP1,1
Tyrosyl-tRNA synthetase (TyrRS),1
Ubiquinone-binding protein QP-C of cytochrome bc1 complex (Ubiquinol-cytochrome c reductase),1
Uracil-DNA glycosylase,1
UraD-like,1
USP8 interacting domain,1
UxuA-like,1
Vibrio cholerae sialidase,1
Viral DNA-binding domain,1
Viral glycoprotein,1
Vng1086c-like,1
VPS23 C-terminal domain,1
VPS28 C-terminal domain-like,1
VPS28 N-terminal domain,1
XkdW-like,1
XRCC4,1
YaeB-like,1
YagB/YeeU/YfjZ-like,1
YbaK/ProRS associated domain,1
YbjQ-like,1
YdjC-like,1
YgfY-like,1
YggU-like,1
YigZ C-terminal domain-like,1
YigZ N-terminal domain-like,1
YiiX-like,1
YjjX-like,1
YkfF-like,1
YML079-like,1
yqfB-like,1
YugE-like,1
YuzD-like,1
YxiM N-terminal domain-like,1
4-(cytidine 5-diphospho)-2C-methyl-D-erythritol kinase IspE,2
6-pyruvoyl tetrahydropterin synthase,2
A middle domain of Talin 1,2
AbfB domain,2
AbrB N-terminal domain-like,2
ACDE2-like,2
Acetokinase-like,2
Actin-fragmin kinase,2
Activator of Hsp90 ATPase,2
Adaptor protein ClpS (YljA),2
ADP ribosyl cyclase-like,2
ADP-specific Phosphofructokinase/Glucokinase,2
AF1104-like,2
AglA-like glucosidase,2
Agouti-related protein,2
AHSA1 domain,2
alpha-D-glucuronidase/Hyaluronidase catalytic domain,2
Alpha-hemoglobin stabilizing protein AHSP,2
Aminoacid dehydrogenases,2
AMMECR1-like,2
AMPKBI-like,2
AmyC N-terminal domain-like,2
Anticodon-binding domain of PheRS,2
ApaG-like,2
Argininosuccinate synthetase,2
Arginyl-tRNA synthetase (ArgRS),2
Arp2/3 complex 16 kDa subunit ARPC5,2
Arp2/3 complex subunits,2
ASF1-like,2
AstA-like,2
ATP sulfurylase N-terminal domain,2
ATP synthase (F1-ATPase),2
ATP-dependent protease Lon (La),2
ATP-dependent riboflavin kinase-like,2
Atu2648/PH1033-like,2
B3/B4 domain of PheRS,2
Bacterial muramidase,2
Barrier-to-autointegration factor,2
BB1717-like,2
beta-catenin-interacting protein ICAT,2
beta-N-acetylhexosaminidase domain,2
Biotin holoenzyme synthetase,2
Carbamate kinase,2
Casein kinase II beta subunit,2
CBM4/9,2
Cell cycle regulatory proteins,2
Cholecystokinin A receptor,2
Citrate synthase,2
Clavaminate synthase,2
CO dehydrogenase flavoprotein N-terminal domain-like,2
CO dehydrogenase molybdoprotein N-domain-like,2
CoA transferase alpha subunit-like,2
Composite domain of glycosyl hydrolase families 5,2
Ctag/Cox11,2
C-terminal autoproteolytic domain of nucleoporin nup98,2
C-terminal domain of ribosomal protein L2,2
C-terminal domain of RPA32,2
Cysteine dioxygenase type I,2
Cytochrome c1 subunit of cytochrome bc1 complex (Ubiquinol-cytochrome c reductase),2
Cytochrome c-like,2
Dcp1,2
Dihydropyrimidine dehydrogenase,2
Dimerization cofactor of HNF-1 alpha,2
D-lysine 5,2
DNA helicase RuvA subunit,2
DNA topoisomerase IV,2
DNA-binding domain from NDT80,2
DNA-binding domain from rap30,2
Domain of the SRP/SRP receptor G-proteins,2
DTD-like,2
dTDP-sugar isomerase,2
Duplicated SiR/NiR-like domains 1 and 3,2
eEF-1beta-like,2
EF1021 C-terminal domain-like,2
eIF2alpha middle domain-like,2
Endostatin,2
Epsilon subunit of mitochondrial F1F0-ATP synthase,2
ERF1/Dom34 middle domain-like,2
ESAT-6 like,2
ETFP subunits,2
ETF-QO domain-like,2
Eukaryotic EndoU ribonuclease,2
Eukaryotic RPB5 N-terminal domain,2
FAT domain of focal adhesion kinase,2
Fe-only hydrogenase,2
Fe-only hydrogenase smaller subunit,2
Formiminotransferase domain of formiminotransferase-cyclodeaminase.,2
Frataxin-like,2
Functional domain of the splicing factor Prp18,2
Fungal zinc peptidase,2
FUR-like,2
Gab protein (hypothetical protein YgaT),2
GAPDH-like,2
Gar1-like SnoRNP,2
GatB/GatE catalytic domain-like,2
GatB/GatE C-terminal domain-like,2
Gated mechanosensitive channel,2
GCM domain,2
Gln-tRNA synthetase (GlnRS),2
Glucoamylase,2
Glutaminase,2
Glutamine synthetase,2
Glutamine synthetase catalytic domain,2
Glutathione-dependent formaldehyde-activating enzyme,2
Glycerol-3-phosphate dehydrogenase,2
Glycosylating toxin catalytic domain-like,2
GMP synthetase C-terminal dimerisation domain,2
GTP cyclohydrolase I,2
GUCT domain,2
HAND domain of the nucleosome remodeling ATPase ISWI,2
Head domain of nucleotide exchange factor GrpE,2
Heme oxygenase HemO (PigA),2
Histone H3 K4-specific methyltransferase SET7/9 N-terminal domain,2
H-NS histone-like proteins,2
Holo-(acyl carrier protein) synthase ACPS,2
Homo-oligomeric flavin-containing Cys decarboxylases,2
Homoserine kinase,2
HPr kinase/phoshatase HprK N-terminal domain,2
HSC20 (HSCB),2
Hsp90 co-chaperone CDC37,2
Hyaluronidase N-terminal domain-like,2
Hypothetical protein AF0491,2
Hypothetical protein AT3g04780/F7O18_27,2
Hypothetical protein MTH1 (MT0001),2
Hypothetical protein SP1951,2
Hypothetical protein YteR,2
Indoleamine 2,2
Inhibitor of vertebrate lysozyme,2
Initiation factor IF2/eIF5b,2
Interleukin 17F,2
Intron-encoded homing endonucleases,2
Invasin/intimin cell-adhesion fragments,2
Iojap/YbeB-like,2
Isochorismatase-like hydrolases,2
ISY1 N-terminal domain-like,2
Jann2411-like,2
Kalata B1,2
Kix domain of CBP (creb binding protein),2
Ku70 subunit middle domain,2
Ku80 subunit middle domain,2
L15e,2
L23p,2
LCCL domain,2
Lectin leg-like,2
Legume lectins,2
Leucine aminopeptidase (Aminopeptidase A),2
Lipase chaperone LifO-like,2
Lipovitellin-phosvitin complex; beta-sheet shell regions,2
Lissencephaly-1 protein (Lis-1,2
LmbE-like,2
Lysine biosynthesis enzyme LysX,2
Maf-like,2
Mago nashi protein,2
MAL13P1.257-like,2
Manganese-dependent inorganic pyrophosphatase (family II),2
Marine metagenome family DABB3,2
MbtH-like,2
Methionine synthase domain,2
Methylglyoxal synthase,2
Mitochondrial ATP synthase coupling factor 6,2
Mitochondrial cytochrome c oxidase subunit VIIb,2
Mitochondrial cytochrome c oxidase subunit VIIIb (aka IX),2
Mitochondrial glycoprotein MAM33-like,2
Mitochondrial import receptor subunit Tom20,2
ML2640-like,2
Mo25 protein,2
Molybdenum cofactor-binding domain,2
Molybdopterin synthase subunit MoaE,2
Monomeric isocitrate dehydrogenase,2
Monomeric nicotinate phosphoribosyltransferase C-terminal domain,2
Monomeric nicotinate phosphoribosyltransferase N-terminal domain-like,2
MSAD-like,2
MTH938-like,2
MurCDEF C-terminal domain,2
Myf domain,2
N-acetyl-l-glutamate kinase,2
NADH oxidase/flavin reductase,2
Necap1 N-terminal domain-like,2
Neurophysin II,2
NifU/IscU domain,2
Nitrile hydratase alpha chain,2
Non-heme 11 kDa protein of cytochrome bc1 complex (Ubiquinol-cytochrome c reductase),2
NQO2-like,2
Nqo4-like,2
N-terminal (heme c) domain of cytochrome cd1-nitrite reductase,2
N-terminal domain of RNase HI,2
Obg GTP-binding protein N-terminal domain,2
Ohr/OsmC resistance proteins,2
P40 nucleoprotein,2
p8-MTCP1,2
PaaD-like,2
Pan module (APPLE domain),2
PCD-like,2
Penicillinase repressor,2
PEP carboxykinase C-terminal domain,2
PEP carboxykinase N-terminal domain,2
Peptide methionine sulfoxide reductase,2
Peptidyl-tRNA hydrolase II,2
Periplasmic chaperone C-domain,2
Periplasmic domain of cytochrome c oxidase subunit II,2
PFOR Pyr module,2
PG130-like,2
PHAT domain,2
Phosphatidylethanolamine binding protein,2
Phosphoglucose isomerase,2
Photosystem II reaction centre subunit H,2
PhyH-like,2
Pleiotropic translational regulator Hfq,2
Poly A polymerase C-terminal region-like,2
Porphyromonas-type peptidylarginine deiminase,2
Preprotein translocase SecY subunit,2
Proguanylin,2
Prokaryotic DksA/TraR C4-type zinc finger,2
Prokaryotic glutathione synthetase,2
Prokaryotic PEBP-like proteins,2
Prokaryotic type I DNA topoisomerase,2
Proline dehydrohenase domain of bifunctional PutA protein,2
Proline racemase,2
PSF1 N-terminal domain-like,2
PSF3 N-terminal domain-like,2
Psq domain,2
Purple acid phosphatase,2
Putative alpha-L-fucosidase,2
Putative anticodon-binding domain of alanyl-tRNA synthetase (AlaRS),2
Putative methyltransferase TM0872,2
Putative transcriptional regulator TM1602,2
Pyrrolidone carboxyl peptidase (pyroglutamate aminopeptidase),2
Pyruvate kinase beta-barrel domain,2
R1 subunit of ribonucleotide reductase,2
RecA protein,2
Recombination protein RecR,2
Regulatory subunit H of the V-type ATPase,2
Retrovirus capsid protein,2
Ribonucleotide reductase-like,2
Ribosomal L11/L12e N-terminal domain,2
Ribosomal L27 protein,2
Ribosomal protein L11,2
Ribosomal protein L14,2
Ribosomal protein L20,2
Ribosomal protein L22,2
Ribosomal protein L24e,2
Ribosomal protein L3,2
Ribosomal protein L31p,2
Ribosomal protein L4,2
Ribosomal protein L44e,2
Ribosomal protein L7/12,2
Ribosomal protein L9 N-domain,2
Ribosomal protein S13,2
Ribosomal protein S14,2
Ribosomal protein S2,2
Ribosomal protein S24e,2
Ribosomal protein S4 (bacteria),2
Ribosomal protein S7,2
Ribosomal S5 protein,2
RNA 2-O ribose methyltransferase substrate binding domain,2
RNA polymerase II subunit RBP4 (RpoF),2
RNA-dependent RNA-polymerase,2
RPO3F domain-like,2
Rpp14/Pop5-like,2
RuBisCo,2
Rv2844-like,2
SAICAR synthase,2
ScpB/YpuH-like,2
Sec-C motif,2
Sigma3 domain,2
Signal peptide-binding domain,2
Signal recognition particle alu RNA binding heterodimer,2
Skp1 dimerisation domain-like,2
SLD5 N-terminal domain-like,2
Smac/diablo,2
Smr domain,2
Smu440-like,2
SP1160 C-terminal domain-like,2
SPO1678-like,2
SPT5 KOW domain-like,2
Squalene synthase,2
SRA domain-like,2
SSRP1-like,2
Staphylococcal nuclease,2
Subtilase propeptides/inhibitors,2
Subunit VIII of photosystem I reaction centre,2
Succinate dehydrogenase/fumarate reductase flavoprotein,2
Succinate dehydrogenase/Fumarate reductase transmembrane subunits (SdhC/FrdC and SdhD/FrdD),2
Tachycitin,2
TAF(II)230 TBP-binding fragment,2
Taf5 N-terminal domain-like,2
TAZ domain,2
Telomeric repeat binding factor (TRF) dimerisation domain,2
Terminase gpNU1 subunit domain,2
Tetrapyrrole methylase,2
Tex N-terminal region-like,2
The laminin-binding domain of agrin,2
Thiamin pyrophosphokinase,2
Topoisomerase V repeat domain,2
Tpt1/KptA,2
Transhydrogenase domain III (dIII),2
Translation initiation factor 2 beta,2
Translation initiation factor IF3,2
Translin,2
tRNA-guanine transglycosylase,2
TROVE domain-like,2
Tubulin chaperone cofactor A,2
Type I restriction modification DNA specificity domain,2
Type II thymidine kinase zinc finger,2
Ubiquinol-cytochrome c reductase 8 kDa protein,2
UDP-glucose/GDP-mannose dehydrogenase dimerisation domain,2
Undecaprenyl diphosphate synthase,2
Universal stress protein-like,2
Urocanase,2
Uroporphyrinogen decarboxylase,2
Vacuolar ATP synthase subunit C,2
Valyl-tRNA synthetase (ValRS) C-terminal domain,2
VHL,2
VPS37 C-terminal domain-like,2
V-type ATP synthase subunit C,2
V-type ATPase subunit E,2
YbiU-like,2
YccV-like,2
YdhG-like,2
YebC-like,2
YfiH-like,2
YkuI C-terminal domain-like,2
YrdC-like,2
A heparin-binding domain,3
ABC-transporter additional domain,3
Acireductone dioxygenase,3
Aconitase iron-sulfur domain,3
Acylphosphatase-like,3
Adapter protein APS,3
ADP-ribosylating toxins,3
ADP-ribosylglycohydrolase,3
alpha-1,3
AMB4284-like,3
Amine oxidase catalytic domain,3
AMPK-beta glycogen binding domain-like,3
Amyloid beta a4 protein copper binding domain (domain 2),3
Apolipophorin-III,3
Arginase-like amidino hydrolases,3
Aromatic compound dioxygenase,3
Arylamine N-acetyltransferase,3
ATP-dependent DNA ligase DNA-binding domain,3
Atu0742-like,3
Atu2684-like,3
Bacterial tryptophan 2,3
Bcr-Abl oncoprotein oligomerization domain,3
beta-carbonic anhydrase,3
Beta-galactosidase LacA,3
beta-Galactosidase/glucuronidase,3
Biotin repressor (BirA),3
BolA-like,3
CAPPD,3
Catechol oxidase,3
Cdc48 domain 2-like,3
Cellulose-binding domain family III,3
Clathrin heavy-chain linker domain,3
Clathrin heavy-chain terminal domain,3
CO dehydrogenase flavoprotein C-terminal domain-like,3
CoA transferase beta subunit-like,3
Conotoxin,3
CoxG-like,3
CPH domain,3
Crisp domain,3
Cryptochrome/photolyase,3
Cryptochrome/photolyase FAD-binding domain,3
CSE2-like,3
C-terminal domain of RNA polymerase alpha subunit,3
Cu,3
Cytochrome c oxidase subunit h,3
D-aminoacid oxidase-like,3
Di-heme cytochrome c peroxidase,3
Dihydrofolate reductases,3
Dimethylarginine dimethylaminohydrolase DDAH,3
D-lactate dehydrogenase,3
DNA mismatch repair protein MutL,3
DNA-binding protein AlbA,3
DP dimerization segment,3
dUTPase-like,3
ECR1 N-terminal domain-like,3
Ecto-ART,3
eIF5a N-terminal domain-like,3
ERF1/Dom34 C-terminal domain-like,3
Eukaryotic ODC-like,3
Eukaryotic translation initiation factor 3 subunit 12,3
Eukaryotic type heme oxygenase,3
Exodeoxyribonuclease V beta chain (RecB),3
EXOSC10 HRDC domain-like,3
Expressed protein At2g23090/F21P24.15,3
FAD-dependent thiol oxidase,3
Fe,3
FemXAB nonribosomal peptidyltransferases,3
FGAM synthase PurL,3
FIS-like,3
FkbM-like,3
FliG,3
FwdE C-terminal domain-like,3
gamma-Butyrobetaine hydroxylase,3
GDNF receptor-like,3
G-type lysozyme,3
Hedgehog (development protein),3
Hemocyanin middle domain,3
Homocysteine S-methyltransferase,3
Homodimeric domain of signal transducing histidine kinase,3
HP0495-like,3
HpcH/HpaI aldolase,3
HRDC domain from helicases,3
HxlR-like,3
Hypothetical protein At2g34160,3
Hypothetical protein c14orf129,3
Hypothetical protein HI1388.1,3
Hypothetical protein TTHA0113,3
Hypothetical protein YjcS,3
Hypothetical protein YwqG,3
Hypothetical protein YwqN,3
Inorganic pyrophosphatase,3
Insert subdomain of RNA polymerase alpha subunit,3
IolI-like,3
IP3 receptor type 1 binding core,3
Iron-containing alcohol dehydrogenase,3
ISP transmembrane anchor,3
L-alanine dehydrogenase-like,3
LanC-like,3
L-aspartase/fumarase,3
Latexin-like,3
Leucine aminopeptidase,3
LeuD-like,3
Malic enzyme N-domain,3
MaoC-like,3
Methionine aminopeptidase,3
Methylated DNA-protein cysteine methyltransferase,3
Methylated DNA-protein cysteine methyltransferase domain,3
Methylenetetrahydrofolate reductase,3
MgtE membrane domain-like,3
Middle operon regulator,3
Minimal THUMP,3
Mitochondrial cytochrome c oxidase subunit IV,3
Mitochondrial cytochrome c oxidase subunit VIa,3
MM2497-like,3
MoCo carrier protein-like,3
MogA-like,3
MOSC (MOCO sulphurase C-terminal) domain,3
MOSC N-terminal domain-like,3
Mug-like,3
Muramoyl-pentapeptide carboxypeptidase,3
N6 adenine-specific DNA methylase,3
N-acetylglucosaminyltransferase I,3
NAD kinase-like,3
Nickel-iron hydrogenase,3
Nitric oxide (NO) synthase oxygenase domain,3
Nitrite and sulphite reductase 4Fe-4S domain-like,3
Nop domain,3
N-terminal,3
N-terminal domain of adenylylcyclase associated protein,3
N-terminal domain of alpha and beta subunits of F1 ATP synthase,3
N-terminal domain of cbl (N-cbl),3
N-terminal domain of xrcc1,3
Nucleoplasmin-like core domain,3
Oligosaccharide phosphorylase,3
Oncogene products,3
Ornithine decarboxylase antizyme-like,3
Outer membrane efflux proteins (OEP),3
Outer surface protein,3
p25-alpha,3
p53 DNA-binding domain-like,3
PA3566-like,3
Pantothenate synthetase (Pantoate-beta-alanine ligase,3
Peptidylglycine alpha-hydroxylating monooxygenase,3
PF1790-like,3
PhoB-like,3
Plant defensins,3
ProC C-terminal domain-like,3
Prokaryotic DNA-bending protein,3
Proteasome activator,3
PRP4-like,3
Prp8 beta-finger domain-like,3
Pseudouridine synthase I TruA,3
PUG domain,3
Quinone reductase,3
Quinoprotein alcohol dehydrogenase,3
Rad21/Rec8-like,3
RecG wedge domain,3
Ribosomal protein L1,3
Ribosomal protein L10e,3
Ribosomal protein L14e,3
Ribosomal protein L16p,3
Ribosomal protein L28,3
Ribosomal protein L30p/L7e,3
Ribosomal protein L33p,3
Ribosomal protein L39e,3
Ribosomal protein S18,3
Ribosomal proteins L15p and L18e,3
RIKEN cDNA 2310057j16 protein (KIAA1543),3
RNA ligase,3
RNA-polymerase beta,3
RNase D C-terminal domains,3
RNase III catalytic domain-like,3
RPB5,3
RpiR-like,3
RpoE2-like,3
S-adenosylhomocystein hydrolase,3
S-adenosylmethionine synthetase,3
Sec63 C-terminal domain-like,3
SelR domain,3
Sigma2 domain of RNA polymerase sigma factors,3
SinR repressor dimerisation domain-like,3
SMI1/KNR4-like,3
SOUL heme-binding protein,3
SPOC domain,3
STM3548-like,3
Synapsin domain,3
TFIIH domain,3
The homologous-pairing domain of Rad52 recombinase,3
THUMP domain,3
TIM44-like,3
TIP49 domain,3
Transcription factor grauzone Cg33133-Pa,3
Translationally controlled tumor protein TCTP (histamine-releasing factor),3
Transthyretin (synonym: prealbumin),3
Trehalase-like,3
tRNA pseudouridine synthase TruD,3
tRNA-intron endonuclease catalytic domain-like,3
Type I phosphomannose isomerase,3
Type II Proline 3-hydroxylase (proline oxidase),3
Uronate isomerase-like,3
USP8 N-terminal domain-like,3
Vanabin-like,3
Variant SAM domain,3
VC0802-like,3
WGR domain,3
Xylose isomerase,3
YbcJ-like,3
YbeA-like,3
YbeD-like,3
YeaZ-like,3
YjeF C-terminal domain-like,3
YjeF N-terminal domain-like,3
YjgF/L-PSP,3
Zinc finger domain of DNA polymerase-alpha,3
(Glycosyl)asparaginase,4
1,4
2-5 RNA ligase LigT,4
AlaX-M N-terminal domain-like,4
Alpha-adaptin ear subdomain-like,4
Amidinotransferase,4
Anaphylotoxins (complement system),4
apo-D-alanyl carrier protein,4
AraD-like aldolase/epimerase,4
Archaeal ferredoxins,4
Arginine deiminase,4
Aromatic aminoacid monoxygenases,4
Aspartokinase allosteric domain-like,4
Association domain of calcium/calmodulin-dependent protein kinase type II alpha subunit,4
ATPase domain of dehydratase reactivase alpha subunit,4
Atu0741-like,4
Bacterial exopeptidase dimerisation domain,4
BAFF receptor-like,4
beta-N-acetylhexosaminidase catalytic domain,4
Brix domain,4
BxeB1374-like,4
Calnexin/calreticulin,4
CAP C-terminal domain-like,4
Capz alpha-1 subunit,4
Catalase,4
Cdc48 N-terminal domain-like,4
CHHC finger,4
Chondroitinase B,4
CHU142-like,4
CMD-like,4
Coatomer appendage domain,4
Crustacean CHH/MIH/GIH neurohormone,4
CSL zinc finger,4
C-terminal domain of adenylylcyclase associated protein,4
C-type lysozyme,4
Desulforedoxin,4
DLC,4
DNA ligase/mRNA capping enzyme postcatalytic domain,4
Domain G2 of nidogen-1,4
Domain of poly(ADP-ribose) polymerase,4
double-SIS domain,4
eIF1-like,4
Exportin HEAT-like repeat,4
Follistatin (FS) module N-terminal domain,4
Formyltransferase,4
Fumarate reductase/Succinate dehydogenase iron-sulfur protein,4
G domain-linked domain,4
Galactokinase,4
Gamma-glutamyl cyclotransferase-like,4
GDI-like,4
Glycosyltransferase family 36 C-terminal domain,4
GntR-like transcriptional regulators,4
GroEL-like chaperone,4
GroES,4
GTF2I-like repeat,4
Guanido kinase catalytic domain,4
Guanido kinase N-terminal domain,4
GYF domain,4
HCDH C-domain-like,4
Helicase DNA-binding domain,4
HesB-like domain,4
HIV integrase-binding domain,4
HTS-like,4
Hydroxyisobutyrate and 6-phosphogluconate dehydrogenase domain,4
Hypothetical protein egc068 from a soil-derived mobile gene cassette,4
IF2B-like,4
Isoprenyl diphosphate synthases,4
Kanamycin nucleotidyltransferase (KNTase),4
KorB DNA-binding domain-like,4
Leucine carboxy methyltransferase Ppm1,4
Leukotriene A4 hydrolase C-terminal domain,4
LexA repressor,4
Lipovitellin-phosvitin complex,4
LplA-like,4
LSM14 N-terminal domain-like,4
Mannose-6-phosphate receptor binding protein 1 (Tip47),4
MAST3 pre-PK domain-like,4
MIF-related,4
Mitochondrial cytochrome c oxidase subunit VIIa,4
ML domain,4
mono-SIS domain,4
Myosin phosphatase inhibitor 17kDa protein,4
N-acetylmuramoyl-L-alanine amidase-like,4
NadC N-terminal domain-like,4
NADPH-dependent FMN reductase,4
Neurotrophin,4
NIPSNAP,4
NOB1 zinc finger-like,4
NodB-like polysaccharide deacetylase,4
Non-canonical RBD domain,4
N-terminal domain of MutM-like DNA repair proteins,4
N-terminal Zn binding domain of HIV integrase,4
N-utilization substance G protein NusG,4
p53 tetramerization domain,4
P-domain of calnexin/calreticulin,4
PdxS-like,4
Pectate transeliminase,4
Penicillin V acylase,4
Peptidyl carrier domain,4
Peripheral subunit-binding domain of 2-oxo acid dehydrogenase complex,4
Phosphofructokinase,4
Phosphomevalonate kinase (PMK),4
PHP domain,4
PNP-oxidase like,4
Protein serine/threonine phosphatase 2C,4
Protozoan pheromone proteins,4
Pseudouridine synthase RsuA N-terminal domain,4
PUA domain,4
Purine and uridine phosphorylases,4
PurM N-terminal domain-like,4
PWI domain,4
Pyruvate oxidase and decarboxylase Pyr module,4
Rap30/74 interaction domains,4
RBP11/RpoL,4
Retinoblastoma tumor suppressor domains,4
RGC domain,4
Ribosomal protein L10-like,4
Ribosomal protein L13,4
Ribosomal protein L18 and S11,4
Ribosomal protein L37e,4
Ribosomal protein S10,4
Ribosomal protein S27e,4
Ring hydroxylating beta subunit,4
RNA 3-terminal phosphate cyclase,4
RNA-polymerase beta-prime,4
RNB domain-like,4
RPA4359-like,4
RUNT domain,4
Rv3472-like,4
Salicylic acid carboxyl methyltransferase (SAMT),4
SAV4671-like,4
Sbal0622-like,4
SEA domain,4
Sec63 N-terminal domain,4
SLIDE domain,4
SnoaL-like polyketide cyclase,4
SpoU-like RNA 2-O ribose methyltransferase,4
Succinyl-CoA synthetase domains,4
Swapped Polo-box domain,4
Synatpobrevin N-terminal domain,4
TauD/TfdA-like,4
Tetrahydrofolate dehydrogenase/cyclohydrolase,4
Tex RuvX-like domain-like,4
TGS domain,4
The spindle assembly checkpoint protein mad2,4
Tick carboxypeptidase inhibitor-like,4
Transferrin,4
Trehalose-6-phosphate synthase,4
tRNA splicing product Appr>p cyclic nucleotide phosphodiesterase,4
TTHA0227-like,4
TTHA0727-like,4
Ubiquitin carboxyl-terminal hydrolase UCH-L,4
Uridine diphospho-N-Acetylenolpyruvylglucosamine reductase (MurB),4
VanY-like,4
VBS domain,4
XPC-binding domain,4
Z-DNA binding domain,4
3-demethylubiquinone-9 3-methyltransferase,5
3-Methyladenine DNA glycosylase III (MagIII),5
a tRNA synthase domain,5
Acyl-ACP thioesterase-like,5
Alanine racemase-like,5
Alkylsulfatase C-terminal domain-like,5
Amine oxidase N-terminal region,5
Ammonium transporter,5
ArsC-like,5
At5g01750-like,5
ATP-dependent DNA ligase catalytic domain,5
Autophagin-like,5
B56-like,5
BAG domain,5
BaiE/LinA-like,5
Bee venom hyaluronidase,5
BSD domain,5
C9orf74 homolog,5
CAD domain,5
Cation efflux protein cytoplasmic domain-like,5
CAT-like,5
Class I alpha-1;2-mannosidase,5
Class II glutamine amidotransferases,5
CO dehydrogenase ISP C-domain like,5
CoA-transferase family III (CaiB/BaiF),5
Colipase-like,5
Connexin43,5
Creatinase/prolidase N-terminal domain,5
Cripto EGF-like domain-like,5
C-terminal domain of alpha and beta subunits of F1 ATP synthase,5
C-terminal fragment of elongation factor SelB,5
Cytidine deaminase,5
Cytochrome c oxidase subunit II-like,5
D-aminoacid aminotransferase-like PLP-dependent enzymes,5
DEK C-terminal domain,5
Dihydrodipicolinate reductase-like,5
Dihydropteroate synthetase,5
DNA polymerase beta,5
DNA repair glycosylase,5
DNA-binding N-terminal domain of transcription activators,5
DNA-binding protein LAG-1 (CSL),5
ELL N2 domain-like,5
Enolase,5
Esterase,5
Exocyst complex component,5
F1F0 ATP synthase subunit C,5
FAD-linked oxidases,5
FAH,5
Fibronectin type I module,5
Formate dehydrogenase/DMSO reductase,5
GalR/LacI-like bacterial regulator,5
GerE-like (LuxR/UhpA family of transcriptional regulators),5
GHMP Kinase,5
Glucose-6-phosphate isomerase,5
Glycolipid transfer protein,5
Hedgehog C-terminal (Hog) autoprocessing domain,5
HIN-200/IF120x domain,5
H-NOX domain,5
Hypothetical membrane protein Ta0354,5
Hypothetical protein PH1932,5
Hypothetical protein YesU,5
IIA domain of mannitol-specific and ntr phosphotransferase EII,5
Ketosteroid isomerase-like,5
Lamin A/C globular tail domain,5
LysR-like transcriptional regulators,5
Methenyltetrahydrofolate synthetase,5
Mib/herc2 domain,5
Middle domain of MutM-like DNA repair proteins,5
Midkine,5
Mitochondrial ribosomal protein L51/S25/CI-B8 domain,5
Moesin tail domain,5
MSP-like,5
MurCDEF,5
MW0975(SA0943)-like,5
N-acylglucosamine (NAG) epimerase,5
NagB-like,5
Neutral endopeptidase (neprilysin),5
NirD-like,5
NSFL1 (p97 ATPase) cofactor p47,5
Nuclear receptor coactivator interlocking domain,5
Nucleolar RNA-binding protein Nop10-like,5
Nucleoporin domain,5
PABC (PABP) domain,5
PAH2 domain,5
PARP-type zinc finger,5
Pentapeptide repeats,5
Peptidyl-tRNA hydrolase domain,5
PfkB-like kinase,5
Phenylalanine metabolism regulatory domain,5
Phoshatidylinositol transfer protein,5
PIN domain,5
Polo-box duplicated region,5
Post formyltransferase domain,5
Profilin (actin-binding protein),5
Pseudouridine synthase RsuA/RluD,5
Pumilio repeat,5
Retroviral integrase,5
Reverse transcriptase,5
Ribonuclease H,5
Roadblock/LC7 domain,5
RuBisCo LSMT C-terminal,5
Sedlin (SEDL),5
Serum albumin-like,5
Short-chain scorpion toxins,5
Single 4Fe-4S cluster ferredoxin,5
SMAD4-binding domain of oncoprotein Ski,5
Small-conductance potassium channel,5
SO0125-like,5
SRF-like,5
SSO2064-like,5
Ssp2 C-terminal domain-like,5
Starch-binding domain,5
TATA-box binding protein (TBP),5
Tetrahydrodipicolinate-N-succinlytransferase,5
Thiamin biosynthesis kinases,5
Thrombospondin C-terminal domain,5
TK-like Pyr module,5
Topoisomerase VI-B subunit middle domain,5
Transcriptional factor tubby,5
Transketolase C-terminal domain-like,5
Translation initiation factor eIF4e,5
TRAPP components,5
Trm112p-like,5
TSP type-3 repeat,5
Type 1 signal peptidase,5
Vacuolar sorting protein domain,5
XPF/Rad1/Mus81 nuclease,5
YlxM/p13-like,5
YybH-like,5
4-alpha-glucanotransferase,6
5 nucleotidase-like,6
Acyl-carrier protein (ACP),6
Acyl-CoA thioesterase,6
Adenine deaminase,6
Alkaline phosphatase,6
Aminomethyltransferase beta-barrel domain,6
Animal lipoxigenases,6
Atu0492-like,6
AXH domain,6
Bacterial glucoamylase C-terminal domain-like,6
BC1024-like,6
beta-Galactosidase/glucuronidase domain,6
beta-sandwich domain of Sec23/24,6
Biotin repressor-like,6
BRK domain-like,6
CoA-binding domain,6
Cytochrome bc1 domain,6
DIX domain,6
DNA polymerase processivity factor,6
DNA/RNA non-specific endonuclease,6
DNA-binding protein Mj223,6
DR0824-like,6
D-ribose-5-phosphate isomerase (RpiA),6
E2F dimerization segment,6
ECA1476-like,6
Endonuclease III,6
Enolase N-terminal domain-like,6
Eukaryotic DNA topoisomerase I,6
EutQ-like,6
FAS1 domain,6
FF domain,6
Folylpolyglutamate synthetase,6
Galactoside acetyltransferase-like,6
gamma-adaptin C-terminal appendage domain-like,6
GAS2 domain,6
Gentisate 1,6
Granulin repeat,6
Hairpin loop containing domain,6
Hexokinase,6
HlyD-like secretion proteins,6
Hypothetical protein YjiA,6
Hypothetical protein YycE,6
Hypothetical zinc finger protein YacG,6
Intein (protein splicing domain),6
LON domain-like,6
Low-molecular-weight phosphotyrosine protein phosphatases,6
LysM domain,6
Mannose 6-phosphate receptor domain,6
MAPEG domain,6
Mevalonate kinase,6
MHCK/EF2 kinase,6
MoeA central domain-like,6
mRNA capping enzyme,6
mRNA decapping enzyme DcpS C-terminal domain,6
NADPH-cytochrome p450 reductase FAD-binding domain-like,6
Nitrosocyanin,6
Noncollagenous (NC1) domain of collagen IV,6
Notch domain,6
Nucleoside phosphorylase/phosphoribosyltransferase N-terminal domain,6
oligoketide cyclase/dehydrase-like,6
PglD-like,6
PhzA/PhzB-like,6
PhzC/PhzF-like,6
Plant lipoxigenases,6
PMP inhibitors,6
Prohormone convertase 1 pro-domain,6
Proprotein convertase P-domain,6
Pseudouridine synthase II TruB,6
Pyruvate kinase,6
Pyruvate-ferredoxin oxidoreductase,6
Quercetin 2,6
Rhamnogalacturonan acetylesterase,6
RhoGDI-like,6
Ribosomal protein L40e,6
Ribosomal proteins L24p and L21e,6
RNA polymerase alpha subunit dimerisation domain,6
ROK associated domain,6
Rpa4348-like,6
Saposin B,6
Serine acetyltransferase,6
Short-chain ferredoxins,6
Smg-4/UPF3,6
SorC sugar-binding domain-like,6
Sterol carrier protein,6
Surp module (SWAP domain),6
Swaposin,6
TAFH domain-like,6
Tim10/DDP,6
Type II thymidine kinase,6
UDP N-acetylglucosamine acyltransferase,6
UDP-glucose/GDP-mannose dehydrogenase C-terminal domain,6
Vanillyl-alcohol oxidase-like,6
YdcK-like,6
YicI N-terminal domain-like,6
2Fe-2S ferredoxin-related,7
5 to 3 exonuclease,7
Achaeal helicase C-terminal domain,7
Adenain-like,7
Ameobapore A,7
Aminomethyltransferase folate-binding domain,7
ATP sulfurylase catalytic domain,7
BC C-terminal domain-like,7
Branched-chain alpha-keto acid dehydrogenase beta-subunit,7
BT2961-like,7
BTG domain-like,7
Carbamoyl phosphate synthetase,7
Chitinase insertion domain,7
Choline/Carnitine O-acyltransferase,7
Clathrin adaptor appendage,7
Cysteine-rich DNA binding domain,7
Cytidylyltransferase,7
Dachshund-homology domain,7
Dihydroorotase,7
Dimeric isocitrate & isopropylmalate dehydrogenases,7
DJ-1/PfpI,7
DNA polymerase I,7
DNA polymerase III clamp loader subunits,7
DNA primase zinc finger,7
DUSP,7
EF-G/eEF-2 domains III and V,7
Family 1 of glycosyl hydrolase,7
F-box associated region,7
FtsH protease domain-like,7
gamma-carbonic anhydrase-like,7
GlcNAc-alpha-1,7
Glucose 6-phosphate dehydrogenase-like,7
Glycosyl Hydrolase Family 88,7
GRIP domain,7
HD domain,7
Helical domain of Sec23/24,7
HIT zinc finger,7
HMGL-like,7
Hypothetical protein At5g48480,7
Integrin beta tail domain,7
JAB1/MPN domain,7
La domain,7
Leishmanolysin,7
LexA-related,7
Merozoite surface protein 1 (MSP-1),7
Methionyl-tRNA synthetase (MetRS),7
Methylmalonyl-CoA epimerase,7
MJ0764-like,7
Mob1/phocein,7
MoCo biosynthesis proteins,7
Multidomain cupredoxins,7
NAD+-dependent DNA ligase,7
Neurolysin-like,7
N-myristoyl transferase,7
Osteonectin,7
Pancreatic carboxypeptidase,7
PKD domain,7
Plakin repeat,7
PreBEACH PH-like domain,7
Proton glutamate symport protein,7
Putative glucosidase YicI,7
Quinohemoprotein amine dehydrogenase A chain,7
Receiver domain of the ethylene receptor,7
Release factor,7
Ribonuclease PH domain 1-like,7
Rieske iron-sulfur protein (ISP),7
Ring hydroxylating alpha subunit ISP domain,7
rRNA methyltransferase AviRa,7
Seryl-tRNA synthetase (SerRS),7
Smc hinge domain,7
STAT DNA-binding domain,7
Stathmin,7
SWIB/MDM2 domain,7
SWIRM domain,7
TAP-like,7
TatD Mg-dependent DNase-like,7
TB module/8-cys domain,7
ThiG-like,7
TK-like PP module,7
Transcription factor IIA (TFIIA),7
TRASH domain,7
Triosephosphate isomerase (TIM),7
Type II DNA topoisomerase C-terminal domain-like,7
VPS36 N-terminal domain-like,7
14-3-3 protein,8
2Fe-2S ferredoxin domains from multidomain proteins,8
A20-like zinc finger,8
Acetylhydrolase,8
Adenosine/AMP deaminase,8
alpha-Amylases,8
alpha-Subunit of urease,8
Anticodon-binding domain,8
Aspartate/ornithine carbamoyltransferase,8
BEACH domain,8
CCHHC domain,8
Cobalamin (vitamin B12)-binding domain,8
ComEA-like,8
Cullin repeat,8
Cytochrome p450 reductase N-terminal domain-like,8
DEATH effector domain,8
DnaJ/Hsp40 cysteine-rich domain,8
Elongation factor TFIIS domain 2,8
Ephrin ectodomain,8
FabD-like,8
Flavoprotein NrdI,8
FucT-like,8
GAF domain,8
GlmU C-terminal domain-like,8
Histidine-rich actin-binding protein (hisactophilin),8
HSP40/DnaJ peptide-binding domain,8
Hypothetical protein BC1747,8
I/LWEQ domain,8
Inhibitor of apoptosis (IAP) repeat,8
Inosine monophosphate dehydrogenase (IMPDH),8
Insect phospholipase A2,8
Insulin-like,8
Iron-dependent repressor protein,8
Kinase associated domain 1,8
L domain,8
LEM domain,8
Lrp/AsnC-like transcriptional regulator N-terminal domain,8
mannose-1-phosphate guanylyl transferase,8
MoaD,8
Molybdenum cofactor biosynthesis protein MobA,8
NadC C-terminal domain-like,8
Nitrilase,8
NKL-like,8
NlpC/P60,8
Oligoxyloglucan reducing end-specific cellobiohydrolase,8
Oxygen-independent coproporphyrinogen III oxidase HemN,8
PaaI/YdiI-like,8
PIWI domain,8
Platelet-derived growth factor-like,8
PsbU-like,8
PurM C-terminal domain-like,8
Sec1/munc18-like (SM) proteins,8
SMAD MH1 domain,8
STAT,8
Transcriptional regulator IclR,8
Transcriptional repressor Rex,8
Transferrin receptor-like dimerisation domain,8
TTHA0179-like,8
UDP-N-acetylglucosamine 2-epimerase,8
ValRS/IleRS/LeuRS editing domain,8
VHP,8
WrbA-like,8
YlbA-like,8
2-5-oligoadenylate synthetase 1,9
4HBT-like,9
5(3)-deoxyribonucleotidase (dNT-2),9
7-Fe ferredoxin,9
Adenine deaminase-like,9
AlaX-like,9
ArsR-like transcriptional regulators,9
Branched-chain alpha-keto acid dehydrogenase Pyr module,9
CAF1-like ribonuclease,9
CalX-beta domain,9
Clc chloride channel,9
Cna protein B-type domain,9
Cullin homology domain,9
D-ribulose-5-phosphate 3-epimerase,9
EB1 dimerisation domain-like,9
Extradiol dioxygenases,9
Ferritin,9
Galactosyltransferase LgtC,9
Glucokinase,9
Glycosyl hydrolases family 35 catalytic domain,9
Glyoxalase I (lactoylglutathione lyase),9
Hexose-1-phosphate uridylyltransferase,9
Hook domain,9
HSP90 C-terminal domain,9
Hypothetical protein alr1529,9
Inositol monophosphatase/fructose-1,9
Inositol polyphosphate kinase (IPK),9
Interleukin-1 (IL-1),9
Lysophospholipase,9
Mini-collagen I,9
MIR domain,9
Mismatch glycosylase,9
Multidrug efflux transporter AcrB transmembrane domain,9
P4 origin-binding domain-like,9
Phosphatidylinositol phosphate kinase IIbeta,9
PP-loop ATPase,9
RecQ helicase DNA-binding domain-like,9
Rhamnogalacturonase B,9
Ribokinase-like,9
Ribonuclease PH domain 2-like,9
Selenoprotein W-related,9
Serine-carboxyl proteinase,9
Sialidases (neuraminidases),9
Somatomedin B domain,9
Tetraspanin,9
Tex HhH-containing domain-like,9
Thermolysin-like,9
Threonyl-tRNA synthetase (ThrRS),9
Translational machinery components,9
Tryptophan biosynthesis enzymes,9
Two-domain cytochrome c,9
Type II chitinase,9
Uteroglobin-like,9
Wiscott-Aldrich syndrome protein,9
YxiM C-terminal domain-like,9
Zinc hairpin stack,9
Zinc-binding domain of translation initiation factor 2 beta,9
5 to 3 exonuclease catalytic domain,10
AlkB-like,10
alpha-catenin/vinculin,10
Amidase signature (AS) enzymes,10
Anion transport protein,10
Archaeal tRNA CCA-adding enzyme catalytic domain,10
Arrestin/Vps26-like,10
Bactericidal permeability-increasing protein,10
BAH domain,10
Band 7/SPFH domain,10
Biotin synthase,10
Carbamilase,10
Cation efflux protein transmembrane domain-like,10
Cofilin-like,10
CUT domain,10
Cutinase-like,10
Cytochrome c oxidase Subunit F,10
D-aminoacylase,10
Decarboxylase,10
D-glucarate dehydratase-like,10
Dystroglycan,10
GABARAP-like,10
Gamma-glutamyltranspeptidase-like,10
glucose-1-phosphate thymidylyltransferase,10
Glycerol-3-phosphate (1)-acyltransferase,10
Glycogenin,10
Histidine acid phosphatase,10
HIT (HINT,10
HR1 repeat,10
Hsp90 middle domain,10
Interferon regulatory factor,10
MPP-like,10
Myeloperoxidase-like,10
Patatin,10
PAZ domain,10
Pepsin-like,10
Phoshoinositide 3-kinase (PI3K) helical domain,10
Plastocyanin/azurin-like,10
PP1699/LP2961-like,10
PR-1-like,10
Protein prenyltransferases,10
Pyruvate oxidase and decarboxylase,10
Pyruvate oxidase and decarboxylase PP module,10
Rel/Dorsal transcription factors,10
SAND domain,10
SMAD domain,10
Subtilases,10
Thiamin phosphate synthase,10
TM1459-like,10
Transcription factor STAT-4 N-domain,10
UDP-glucose pyrophosphorylase,10
UFC1-like,10
Vertebrate phospholipase A2,10
VPS9 domain,10
Zn-finger domain of Sec23/24,10
5-nucleotidase (syn. UDP-sugar hydrolase),11
Acyl-CoA binding protein,11
Anticodon-binding domain of Class II aaRS,11
APG12-like,11
AraC type transcriptional activator,11
AstE/AspA-like,11
Autoinducer synthetase,11
Cap-Gly domain,11
Catalytic subunit of bi-partite nucleotidyltransferase,11
Cell cycle transcription factor e2f-dp,11
Clp protease,11
ClpX chaperone zinc binding domain,11
Creatinase/aminopeptidase,11
Cytosine deaminase catalytic domain,11
Diap1 N-terninal region-like,11
EF-Tu/eEF-1alpha/eIF2-gamma C-terminal domain,11
GAT domain,11
Glycerophosphoryl diester phosphodiesterase,11
Hairy Orange domain,11
Histidine biosynthesis enzymes,11
Histone deacetylase,11
HSP20,11
L30e/L7ae ribosomal proteins,11
L-aminoacid/polyamine oxidase,11
Lesion bypass DNA polymerase (Y-family),11
Link domain,11
Macro domain,11
NTF2-like,11
Nucleoside diphosphate kinase,11
Ornithine cyclodeaminase-like,11
Phosphoribosylpyrophosphate synthetase-like,11
R3H domain,11
Rap/Ran-GAP,11
RPR domain (SMART 00582 ),11
SCF ubiquitin ligase complex WHB domain,11
Snake venom toxins,11
Steroid-binding domain,11
Succinyl-CoA synthetase,11
ThiI-like,11
TM1287-like,11
Transglutaminase,11
Trefoil,11
Ubiquitin thiolesterase protein OTUB2 (Otubain-2),11
Zn aminopeptidase N-terminal domain,11
Adenylyltransferase,12
Alpha-macroglobulin receptor domain,12
Antibiotic resistance proteins,12
Branched-chain alpha-keto acid dehydrogenase PP module,12
Carboxypeptidase regulatory domain,12
Clathrin heavy chain proximal leg segment,12
Cytidylytransferase,12
DNA polymerase beta-like,12
Doublecortin (DC),12
ENTH domain,12
Excinuclease UvrC C-terminal domain,12
Ferredoxin domains from multidomain proteins,12
Gelsolin-like,12
Gonadodropin/Follitropin,12
Lactate & malate dehydrogenases,12
MATH domain,12
MBT repeat,12
Methyl-CpG-binding domain,12
Nerve tissue mini-hemoglobin (neural globin),12
NLI interacting factor-like phosphatase,12
Oxysterol-binding protein,12
PhnA zinc-binding domain,12
Phosphoglucomutase,12
Putative zinc binding domain,12
Ribonuclease A-like,12
Ribosomal protein S27a,12
Second domain of Mu2 adaptin subunit (ap50) of ap2 adaptor,12
Supernatant protein factor (SPF),12
Tryptophan synthase beta subunit-like PLP-dependent enzymes,12
Ubiquitin activating enzymes (UBA),12
Zn aminopeptidase catalytic domain,12
Zn-dependent arginine carboxypeptidase-like,12
Alpha-2,13
Alpha-toxin,13
Anti-sigma factor antagonist SpoIIaa,13
Apolipoprotein,13
Aspartate carbamoyltransferase,13
BED zinc finger,13
Biotinyl/lipoyl-carrier proteins and domains,13
CRAL/TRIO N-terminal domain,13
Cytochrome c3-like,13
DNA replication initiator (cdc21/cdc54) N-terminal domain,13
Double Clp-N motif,13
Elafin-like,13
Glutaminyl-peptide cyclotransferase-like,13
PAPS reductase-like,13
Phosphotriesterase-like,13
Rhomboid-like,13
Ribosomal protein L32p,13
Spider toxins,13
SVA-like,13
Thiolase-related,13
Thrombin inhibitor,13
Transglutaminase core,13
Transglutaminase N-terminal domain,13
TS-N domain,13
WWE domain,13
Alkylsulfatase-like,14
Anticodon-binding domain of a subclass of class I aminoacyl-tRNA synthetases,14
Cofactor-dependent phosphoglycerate mutase,14
Complement components,14
Conserved domain common to transcription factors TFIIS,14
CUE domain,14
DNA repair protein Rad51,14
Ephrin receptor ligand binding domain,14
Fibronectin type II module,14
Glycine dehydrogenase subunits (GDC-P),14
GroEL chaperone,14
Hypothetical protein TM0207,14
Interferon regulatory factor 3 (IRF3),14
Interferon-induced guanylate-binding protein 1 (GBP1),14
MAM domain,14
MIF4G domain-like,14
monodomain cytochrome c,14
Phospholipase D,14
Phosphoribosyltransferases (PRTases),14
RecO C-terminal domain-like,14
Sec7 domain,14
Short-chain cytokines,14
THAP domain,14
variant C2H2 finger,14
VHS domain,14
YicI catalytic domain-like,14
YjeE-like,14
53BP1,15
acyl-CoA oxidase N-terminal domains,15
Annexin,15
Ava3068-like,15
Carbonic anhydrase,15
Chalcone synthase-like,15
Class B acid phosphatase,15
Di-heme elbow motif,15
DNA repair protein MutS,15
Fascin,15
GARP response regulators,15
Hef domain-like,15
L27 domain,15
Medium chain acyl-CoA dehydrogenase,15
NanE-like,15
Nuclear movement domain,15
Nuclease,15
Peptidoglycan binding domain,15
Peptidylarginine deiminase Pad4,15
Retroviral protease (retropepsin),15
Small Kunitz-type inhibitors & BPTI-like toxins,15
Terpene synthases,15
YfgJ-like,15
acyl-CoA oxidase C-terminal domains,16
alpha-mannosidase,16
Aquaporin-like,16
ARID domain,16
Caspase catalytic domain,16
CheY-related,16
Class I glutamine amidotransferases (GAT),16
Co-chaperone p23-like,16
Crotonase-like,16
Cytoplasmic domain of inward rectifier potassium channel,16
Deoxycytidylate deaminase-like,16
Flavodoxin-related,16
FolH catalytic domain-like,16
Galectin (animal S-lectin),16
Germin/Seed storage 7S protein,16
GS domain,16
Hypothetical protein aq_1666,16
Imidazolonepropionase-like,16
Medium chain acyl-CoA dehydrogenase-like,16
Methyl parathion hydrolase,16
PB1 domain,16
Ppx/GppA phosphatase,16
RNA editing terminal uridyl transferase 2,16
SH3BGR (SH3-binding,16
Sir2 family of transcriptional regulators,16
STAR domain,16
Thyroglobulin type-1 domain,16
Transducin (alpha subunit),16
Bcl-2 inhibitors of programmed cell death,17
Blood coagulation inhibitor (disintegrin),17
C5 cytosine-specific DNA methylase,17
Clathrin coat assembly domain,17
Diacylglycerol kinase-like,17
Dimerization-anchoring domain of cAMP-dependent PK regulatory subunit,17
Erythroid transcription factor GATA-1,17
Fatty acid binding protein-like,17
Hermes transposase-like,17
HPr kinase HprK C-terminal domain,17
Leucine-rich repeat variant,17
Lipoxigenase N-terminal domain,17
Metallothionein,17
Myosin S1 fragment,17
NE0471 C-terminal domain-like,17
Other IPT/TIG domains,17
PA domain,17
Papain-like,17
PqsE-like,17
ROK,17
ROO N-terminal domain-like,17
T-box,17
Bacterial PLC,18
Crystallins/Ca-binding development proteins,18
EDF1-like,18
Ferredoxin reductase FAD-binding domain-like,18
FMN-linked oxidoreductases,18
Formin homology 2 domain (FH2 domain),18
GLA-domain,18
Glyoxalase II (hydroxyacylglutathione hydrolase),18
Linker histone H1/H5,18
Long-chain cytokines,18
Mammalian PLC,18
Scavenger receptor cysteine-rich (SRCR) domain,18
SIAH,18
Transducin (heterotrimeric G protein),18
Type 2 phosphatidic acid phosphatase,18
YhiQ-like,18
Zf-UBP,18
Zn metallo-beta-lactamase,18
Adenylyl and guanylyl cyclase catalytic domain,19
ADPRibase-Mn-like,19
ALDH-like,19
Bacterial dinuclear zinc exopeptidases,19
beta 1,19
BSTI,19
Colipase-binding domain,19
Cytochrome b5,19
Dihydroorotate dehydrogenase B,19
DNA ligase,19
DsbC/DsbG C-terminal domain-like,19
Filamin repeat (rod domain),19
Frizzled cysteine-rich domain,19
Fumble-like,19
Globins,19
GRAM domain,19
Hormone receptor domain,19
Isoaspartyl dipeptidase,19
N-acetylglucosamine-6-phosphate deacetylase,19
Pce catalytic domain-like,19
PCI domain (PINT motif),19
Phosphonoacetate hydrolase,19
Poly(A) polymerase,19
Poly(ADP-ribose) polymerase,19
SNF-like,19
Transcription factor IIB (TFIIB),19
Arylsulfatase,20
ATI-like,20
beta-CASP RNA-metabolising hydrolases,20
beta-lactamase inhibitor protein-II,20
Biotin dependent carboxylase carboxyltransferase domain,20
Coenzyme PQQ synthesis protein B,20
DeoB catalytic domain-like,20
DNA repair factor XPA DNA- and RPA-binding domain,20
Fibroblast growth factors (FGF),20
FKBP immunophilin/proline isomerase,20
Flavohemoglobin,20
Hepsin,20
Kringle modules,20
mRNA cap methylase,20
NADPH-cytochrome p450 reductase-like,20
p120GAP domain-like,20
Paired domain,20
PP2C-like,20
Proteasome subunits,20
RUN domain,20
Single strand DNA-binding domain,20
TAP-C domain-like,20
Tissue inhibitor of metalloproteinases,20
TM0894-like,20
YhfI-like,20
Carboxypeptidase T,21
Cyclophilin (peptidylprolyl isomerase),21
Extracellular domain of cell surface receptors,21
Glycerol kinase,21
Hemopexin-like domain,21
Hydantoinase (dihydropyrimidinase),21
Integrin alpha N-terminal domain,21
Interferons/interleukin-10 (IL-10),21
MMP N-terminal domain,21
Myotubularin-like phosphatases,21
NAP-like,21
Netrin-like domain (NTR/C345C module),21
Regulator of chromosome condensation RCC1,21
SAH/MTA deaminase-like,21
Serine carboxypeptidase-like,21
Soluble quinoprotein glucose dehydrogenase,21
Ta0583-like,21
UDPGT-like,21
Aromatic dioxygenase reductase-like,22
CBS-domain pair,22
C-terminal,22
Defensin,22
Fucose binding lectin,22
Heat-shock transcription factor,22
HMA,22
Hypoxia-inducible factor HIF ihhibitor (FIH1),22
MarR-like transcriptional regulators,22
MGS-like,22
MutY C-terminal domain-like,22
N-type ATP pyrophosphatases,22
PDEase,22
Phosphoinositide-binding clathrin adaptor,22
POU-specific domain,22
Recombinase DNA-binding domain,22
Sm motif of small nuclear ribonucleoproteins,22
Toll/Interleukin receptor TIR domain,22
Cathelicidin motif,23
Class I aminoacyl-tRNA synthetases (RS),23
Cystatins,23
Discoidin domain (FA58C,23
Integrin domains,23
PF0610-like,23
Ran-binding domain,23
RNase Z-like,23
Sema domain,23
BphP N-terminal domain-like,24
Cgl2762-like,24
Class I aldolase,24
CmcI-like,24
Cysteine rich domain,24
DEP domain,24
DNA topoisomerase II binding protein 1,24
Elongation factors,24
E-set domains of sugar-utilizing enzymes,24
Hypothetical protein VC0232,24
MIT domain,24
Pancreatic carboxypeptidases,24
Purple acid phosphatase-like,24
Pyrin domain,24
Retinol binding protein-like,24
Trunk domain of Sec23/24,24
Ubiquitin carboxyl-terminal hydrolase 8,24
ABC transporter transmembrane region,25
Asparaginyl hydroxylase-like,25
BC N-terminal domain-like,25
BRCT domain,25
BT0820-like,25
Class II aminoacyl-tRNA synthetase (aaRS)-like,25
DNA-repair protein XRCC1,25
mRNA decapping enzyme-like,25
NADH pyrophosphatase,25
NE1354,25
Prefoldin,25
PurP ATP-binding domain-like,25
Ricin B-like,25
beta-glycanases,26
BT0354 N-terminal domain-like,26
Cell cycle control phosphatase,26
DsbA-like,26
Enabled/VASP homology 1 domain (EVH1 domain),26
GDP-mannose mannosyl hydrolase NudD,26
Gtf glycosyltransferase,26
Heat shock protein 70kD (HSP70),26
IPP isomerase-like,26
PWWP domain,26
YfcE-like,26
Aldo-keto reductases (NADP),27
DNA double-strand break repair nuclease,27
Double-stranded RNA-binding domain (dsRBD),27
EF1021-like,27
GpdQ-like,27
Hypothetical protein cg14615-pa,27
Protein serine/threonine phosphatase,27
Ran binding protein zinc finger-like,27
Ras GEF,27
Type II DNA methylase,27
ZZ domain,27
A DNA-binding domain in eukaryotic transcription factors,28
Calpain large subunit,28
DNA-binding domain of rap1,28
DNase I-like,28
ets domain,28
Hect,28
Inositol polyphosphate 5-phosphatase (IPP5),28
PAS domain of steroid receptor coactivator 1A,28
Peptidoglycan biosynthesis glycosyltransferase MurG,28
Reductases,28
TFIIH p44 subunit cysteine-rich domain,28
t-snare proteins,28
UBX domain,28
BC ATP-binding domain-like,29
Caspase recruitment domain,29
Single-domain sulfurtransferase,29
Sphingomyelin phosphodiesterase-like,29
Sporulation response regulatory protein Spo0B,29
Synapsin C-terminal domain,29
TNF receptor-like,29
TT1561-like,29
Acetyl-CoA synthetase-like,30
Chromo barrel domain,30
Chromo domain,30
CRAL/TRIO domain,30
Heat shock protein 90,30
Multidomain sulfurtransferase (rhodanese),30
MYND zinc finger,30
Phoshoinositide 3-kinase (PI3K),30
Phosphoesterase-related,30
IBR domain,31
Molybdenum cofactor biosynthesis protein MoeB,31
MutT-like,31
SAP domain,31
Serine proteinase inhibitor lekti,31
Serum paraoxonase/arylesterase 1,31
Fibrinogen C-terminal domain-like,32
First domain of FERM,32
GidA-like,32
Lysine biosynthesis enzyme LysX ATP-binding domain,32
NF-kappa-B/REL/DORSAL transcription factors,32
PYP-like,32
Pyrimidine 5-nucleotidase (UMPH-1),32
ATP-binding domain of peptide synthetases,33
DNA-binding domain of telomeric protein,33
Glycosyl transferases group 1,33
Histidine kinase,33
Probable transcriptional regulator VC1968,33
Pyridoxal-dependent decarboxylase,33
variant PHD-like domain,33
alpha-ketoacid dehydrogenase kinase,34
Calsequestrin,34
DnaQ-like 3-5 exonuclease,34
ERP29 N domain-like,34
Flavin-binding PAS domain,34
Hypoxia-inducible factor Hif2a,34
N-terminal PAS domain of Pas kinase,34
Ornithine decarboxylase major domain,34
Pointed domain,34
RWD domain,34
SelA-like,34
Zinc protease,34
Arc1p N-terminal domain-like,35
C1-like domain,35
Galactose-binding domain,35
Glucose-inhibited division protein B (GidB),35
LASP-1,35
Metal cation-transporting ATPase,35
Phage repressors,35
Phosducin,35
Prokaryotic type KH domain (KH-domain type II),35
Ribosomal protein L37ae,35
RuBisCo LSMT catalytic domain,35
Serpins,35
UAS domain,35
AN1-like Zinc finger,36
Centromere-binding,36
Heme-binding PAS domain,36
TNF-like,36
Beta-eliminating lyases,37
DEATH domain,37
FHA domain,37
Leech intramolecular trans-sialidase,37
Plexin repeat,37
Pyk2-associated protein beta ARF-GAP domain,37
SinR domain-like,37
Spore coat polysaccharide biosynthesis protein SpsA,37
Tetracyclin repressor-like,37
DNA gyrase/MutL,38
IMD domain,38
LDL receptor-like module,38
Regulator of G-protein signaling,38
VWC domain,38
CO-sensing protein CooA,39
Cyclin,39
Probable phosphatase YrbI,39
RNA methyltransferase FtsJ,39
SOCS box-like,39
BadF/BadG/BcrA/BcrD-like,40
NagD-like,40
Phosphate binding protein-like,40
Quinoprotein alcohol dehydrogenase-like,40
RBP12 subunit of RNA polymerase II,40
spliceosomal protein U5-15Kd,40
Tudor domain,40
Amylase,41
APC10-like,41
Bromodomain,41
Clostridium neurotoxins,41
HyaE-like,41
Meta-cation ATPase,41
Spectrin repeat,41
Spermadhesin,41
TRM1-like,41
Txnl5-like,41
UEV domain,41
cAMP-binding domain,42
L-arabinose binding protein-like,42
Ovomucoid domain III-like,42
PAPS sulfotransferase,42
Sigma4 domain,42
Transforming growth factor (TGF)-beta,42
FCH domain,43
Group II chaperonin (CCT,43
HAD-related,43
Interleukin 8-like chemokines,43
SepSecS-like,43
Eukaryotic type KH-domain (KH-domain type I),44
MHC antigen-recognition domain,44
Chaperone J-domain,45
Cystathionine synthase-like,45
Phosphonoacetaldehyde hydrolase-like,45
UBC-related,45
Exostosin,46
Histidinol phosphatase-like,46
Nuclear receptor,46
RoRNP C-terminal domain-like,46
Viral proteases,46
Magnesium-dependent phosphatase-1,47
Nicotinic receptor ligand binding domain-like,47
O-acetyltransferase,47
Polypeptide N-acetylgalactosaminyltransferase 1,47
Astacin,48
GABA-aminotransferase-like,48
Mitochondrial carrier,48
N-acetyl transferase,48
Neurotransmitter-gated ion-channel transmembrane pore,48
Nuclear receptor ligand-binding domain,48
Pentraxin (pentaxin),48
FdhE-like,49
Forkhead DNA-binding domain,49
NOL1/NOP2/sun,49
TSP-1 type 1 repeat,49
EpsC C-terminal domain-like,50
Histone lysine methyltransferases,50
PDI-like,50
Tubulin,50
Viral histone H3 Lysine 27 Methyltransferase,50
Vitelline membrane outer protein-I (VMO-I),50
Cold shock DNA-binding domain-like,51
C-terminal domain of adrenodoxin reductase-like,51
Enolase-phosphatase E1,51
YihX-like,51
YWTD domain,51
Hypothetical protein MW1667 (SA1546),52
Arfaptin,53
CCCH zinc finger,53
PHB depolymerase-like,53
PX domain,53
Retrovirus zinc finger-like domains,53
Second domain of FERM,53
Ypt/Rab-GAP domain of gyp1p,53
AAT-like,54
Siroheme synthase N-terminal domain-like,54
WW domain,54
Acetylcholinesterase-like,55
Actin/HSP70,55
Growth factor receptor domain,55
Trehalose-phosphatase,56
Ku70 subunit N-terminal domain,57
Complement control module/SCR domain,58
Serralysin-like metalloprotease,58
Thi4-like,58
UBA domain,58
Formate/glycerate dehydrogenases,59
TNF-alpha converting enzyme,59
Viral cysteine protease of trypsin fold,59
HMG-box,60
Ku80 subunit N-terminal domain,60
phosphatase domain of polynucleotide kinase,60
Third domain of FERM,60
Calcium ATPase,61
SCAN domain,61
Homoserine kinase ThrH,62
Matrix metalloproteases,62
Spermidine synthase,62
Cytochrome P450,63
MTH1368 C-terminal domain-like,63
MurCD N-terminal domain,63
Myb/SANT domain,63
Mycobacterial PtpB-like,63
BAR domain,64
LDH N-terminal domain-like,65
Potassium channel NAD-binding domain,65
Reprolysin-like,65
UDP-galactopyranose mutase,65
BCR-homology GTPase activation domain (BH-domain),66
Clathrin adaptor core protein,66
Nucleosome core histones,66
TTHA1544-like,66
Archaeal histone,67
Glutathione peroxidase-like,67
Hypothetical esterase YJL068C,67
Microbial and mitochondrial ADK,67
Phosphoserine phosphatase,67
Succinate dehydrogenase/fumarate reductase flavoprotein N-terminal domain,67
(Uracil-5-)-methyltransferase,68
HCP-like,68
MtnX-like,68
Ras-binding domain,68
TBP-interacting protein-like,69
C-type lectin domain,70
DBL homology domain (DH-domain),70
HI0933 N-terminal domain-like,70
Pancreatic lipase,70
rRNA adenine dimethylase-like,70
Chemotaxis receptor methyltransferase CheR,71
N-6 DNA Methylase-like,71
Integrin beta EGF-like domains,72
Methyltransferase 10 domain,73
Predicted hydrolases Cof,73
MraW-like putative methyltransferases,74
TBP-associated factors,74
DNA methylase TaqI,75
Kelch motif,75
PBS lyase HEAT-like repeat,75
Tetramerization domain of potassium channels,75
F-box domain,77
Ubiquitin carboxyl-terminal hydrolase,77
Laminin-type module,78
Plakophilin 1 helical region,78
beta-Phosphoglucomutase-like,79
COMT-like,79
IroE-like,80
Integrin A (or I) domain,81
Protein kinase cysteine-rich domain (cys2,81
PepX catalytic domain-like,82
EGF-like domain of nidogen-1,83
Myo-inositol hexaphosphate phosphohydrolase (phytase) PhyA,83
D-aminoacid oxidase,84
HtrA-like serine proteases,84
Calponin-homology domain,86
Laminin G-like module,86
Glutathione S-transferase (GST),87
Ubiquitin-related,89
B-box zinc-binding domain,90
Dienelactone hydrolase,90
HAT/Suf repeat,91
Higher-molecular-weight phosphotyrosine protein phosphatases,91
N-terminal domain of adrenodoxin reductase-like,91
A novel bacterial esterase,92
Histamine methyltransferase,92
Catalytic,94
Thioltransferase,94
N5-glutamine methyltransferase,95
SPRY domain,95
Mycobacterial antigens,96
Tail specific protease PDZ domain,96
GDI-like N domain,97
Acetyl xylan esterase-like,98
Atu1826-like,98
Glycine N-methyltransferase,98
Prolyl oligopeptidase,98
Arylamine N-methyltransferase,99
mRNA cap (Guanine N-7) methyltransferase,99
Acylamino-acid-releasing enzyme,100
Fibrillarin homologue,100
Met-10+ protein-like,100
Ta1320-like,100
BC2162-like,101
Biotin biosynthesis protein BioH,102
HspBP1 domain,102
Lipase,102
Ribosomal protein L11 methyltransferase PrmA,102
rRNA methyltransferase RlmA,102
Dual specificity phosphatase-like,103
Hypothetical protein HI0319 (YecO),103
hypothetical RNA methyltransferase,103
Plant O-methyltransferase,103
Guanidinoacetate methyltransferase,104
Aclacinomycin methylesterase RdmC,105
Bacterial lipase,105
HEAT repeat,105
TrmB-like,105
AD-003 protein-like,106
Arginine methyltransferase,106
Cadherin,106
Ccg1/TafII250-interacting factor B (Cib),106
DPP6 catalytic domain-like,106
YhhF-like,106
YdeN-like,107
C1 set domains (antibody constant domain-like),108
Hypothetical protein TT1662,108
TehB-like,108
Hydroxynitrile lyase-like,109
Hypothetical protein MJ0882,109
Hypothetical Protein YjhP,109
Protein-L-isoaspartyl O-methyltransferase,109
Putative serine hydrolase Ydr428c,109
Thioesterase domain of polypeptide,109
ImpE-like,110
Prokaryotic proteases,110
Carboxylesterase,111
Eukaryotic proteases,111
Precorrin-6Y methyltransferase (CbiT),111
Carboxylesterase/thioesterase 1,112
Fungal lipases,112
Mycolic acid cyclopropane synthase,112
SH2 domain,112
tRNA(1-methyladenosine) methyltransferase-like,112
Carboxylesterase/lipase,113
BTAD-like,115
Haloalkane dehalogenase,115
Tricorn protease N-terminal domain,115
CAC2371-like,116
Epoxide hydrolase,116
Hypothetical protein VC1974,116
Gastric lipase,117
Glyceraldehyde-3-phosphate dehydrogenase-like,117
Haloperoxidase,117
HLH,118
LIM domain,118
Thiopurine S-methyltransferase,118
Carbon-carbon bond hydrolase,120
Motor proteins,120
UbiE/COQ5-like,120
Choline kinase,122
LacY-like proton/sugar symporter,123
Proline iminopeptidase-like,123
SAM (sterile alpha motif) domain,123
Thioesterases,125
Glycerol-3-phosphate transporter,126
2,127
Aminoacid dehydrogenase-like,127
FAD-linked reductases,127
Voltage-gated potassium channels,128
FAD/NAD-linked reductases,132
DNA helicase UvsW,133
Galactose oxidase,135
Tyrosine-dependent oxidoreductases,136
6-phosphogluconate dehydrogenase-like,138
TolB,138
CT2138-like,140
Protein prenylyltransferase,140
Synaptotagmin-like (S variant),142
Transcription factor MalT domain III,146
Interleukin 16,150
BTB/POZ domain,153
PDZ domain,154
Alcohol dehydrogenase-like,156
SGL-like,157
Splicing factor U2AF subunits,158
PLC-like (P variant),162
Armadillo repeat,165
3-carboxy-cis,171
Nitrous oxide reductase,175
All0351-like,176
NHL repeat,179
S100 proteins,182
Helicase-like domain of reverse gyrase,183
Calbindin D9K,186
Fibronectin type III,188
Eps15 homology domain (EH domain),191
PHD domain,193
Cbp40 (plasmodial specific CaII-binding protein LAV1-2),194
Tetratricopeptide repeat (TPR),199
DPP6 N-terminal domain-like,203
EGF-type module,215
Parvalbumin,215
Polcalcin,215
SH3-domain,215
mRNA export factor tap,216
CHY zinc finger,218
Penta-EF-hand proteins,219
Transcriptional factor domain,219
Leucine rich effector protein YopM,224
Polygalacturonase inhibiting protein PGIP,232
Rab geranylgeranyltransferase alpha-subunit,242
Outer arm dynein light chain 1,243
U2A-like,244
EF-hand modules in multidomain proteins,245
Internalin LRR domain,245
Ngr ectodomain-like,246
Cyclin A/CDK2-associated p19,249
Phosphotyrosine-binding domain (PTB),249
Rna1p (RanGAP1),252
Pseudo ankyrin repeat,255
28-residue LRR,256
Ankyrin repeat,260
Calmodulin-like,260
C2HC finger,262
Canonical RBD,262
FYVE,265
Methylamine dehydrogenase,268
C-terminal (heme d1) domain of cytochrome cd1-nitrite reductase,279
HkH motif-containing C2H2 finger,284
RNA helicase,284
Tricorn protease domain 2,289
Putative isomerase YbhE,292
Variant RING domain,292
Pleckstrin-homology domain (PH domain),298
Cell cycle arrest protein BUB3,299
Homeodomain,302
Quinohemoprotein amine dehydrogenase B chain,303
Tandem AAA-ATPase domain,306
YVTN repeat,313
U-box,320
WD40-repeat,329
APH phosphotransferases,347
C2 set domains,367
KRAB domain (Kruppel-associated box),377
Plasmid maintenance system epsilon/zeta,385
Rubredoxin,389
Phosphoribulokinase/pantothenate kinase,395
RING finger domain,398
6-phosphofructo-2-kinase/fructose-2,420
I set domains,420
V set domains (antibody variable domain-like),455
Adenosine-5phosphosulfate kinase (APS kinase),456
Gluconate kinase,458
RIO1-like kinases,470
Chloramphenicol phosphotransferase,497
Protein kinases,508
ATP sulfurylase C-terminal domain,510
ABC transporter ATPase domain-like,524
Extended AAA-ATPase domain,551
G proteins,565
Shikimate kinase (AroK),584
Atu3015-like,621
Nitrogenase iron protein-like,698
RecA protein-like (ATPase-domain),707
Plant C2H2 finger (QALGGH zinc finger),718
Nucleotide and nucleoside kinases,724
Rhodopsin-like,780
Classic zinc finger,992
